{"Episode/rew_base_height":-0.00014092467608861625,"Episode/semantic_boundary_ratio":0.0391702875494957,"Episode/metric_fall_rate":0.9980158805847168,"_runtime":1109.914479894,"Train/mean_episode_length/time":200.24,"Train/mean_reward/time":3.4281952285766604,"Episode/rew_lane_boundary":-0.019285842776298523,"Episode/metric_collision_rate":0,"_step":999,"Loss/learning_rate":0.0008779149519890255,"Episode/semantic_non_track_ratio":0.07485850155353546,"Episode/semantic_lane_ratio":0.8859712481498718,"Episode/metric_torque_utilization":0.36928790807724,"Episode/rew_termination":-0.0009980159811675549,"Episode/rew_tracking_lin_vel":0.2025693655014038,"Episode/track_lane_length":2048,"Train/mean_reward":3.4281952285766604,"Episode/track_num_lanes":1,"Perf/collection time":0.9315612316131592,"Train/mean_episode_length":200.24,"Perf/total_fps":88933,"_timestamp":1.7739854589942e+09,"Episode/metric_success_rate":0.0019841270986944437,"Episode/rew_lin_vel_z":-0.017339585348963737,"Train/iteration":999,"Episode/metric_torque_violation_rate":0,"Episode/rew_torques":-0.04171907156705856,"_wandb":{"runtime":1109},"Episode/rew_lane_centering":0.2439126968383789,"Episode/rew_feet_air_time":-0.0060575418174266815,"Episode/track_lane_assignment_coverage":1,"Policy/mean_noise_std":1.699057936668396,"Episode/metric_obstacle_avoid_rate":0,"Episode/rew_ang_vel_xy":-0.037638887763023376,"Loss/value_function":0.12165000177919864,"Episode/rew_action_rate":-0.09139271080493927,"Perf/learning_time":0.1737983226776123,"Episode/rew_dof_vel":-0.013216942548751831,"Episode/rew_collision":0,"Loss/surrogate":-0.010318722820375114,"Episode/rew_stand_still":0,"Episode/metric_speed_mps":0.5778117179870605,"Episode/rew_lane_offset":-0.020065410062670708,"Episode/metric_lane_violation_rate":0.07485850155353546,"Episode/rew_orientation":-0.0022547091357409954,"Episode/rew_dof_acc":-0.07513977587223053}