{"Episode/rew_lin_vel_z":-0.008726532571017742,"_runtime":63.239697582,"Episode/metric_out_of_track_fail_rate":0.19320887327194214,"Episode/rew_base_height":-0.00037566613173112273,"Episode/rew_ang_vel_xy":-0.00345059996470809,"_timestamp":1.7741747129935846e+09,"Episode/rew_dof_pos_limits":-0.010555384680628777,"Episode/rew_hip_pos":-0.008457612246274948,"Episode/metric_torque_utilization":0.1102314218878746,"Episode/rew_overspeed":-0.07809996604919434,"Train/mean_episode_length":299.33,"Episode/rew_tracking_lin_vel":0.34300634264945984,"Episode/track_num_lanes":1,"Episode/track_lane_assignment_coverage":1,"Perf/learning_time":0.17583537101745605,"Episode/rew_orientation":-0.0020389058627188206,"Episode/semantic_boundary_ratio":0.016208913177251816,"Episode/rew_finish_bonus":0.053786080330610275,"Episode/rew_contact_no_vel":-0.005299100186675787,"Train/mean_episode_length/time":299.33,"Episode/rew_lateral_velocity":-0.005483874585479498,"Train/mean_reward/time":60.83026676177978,"Episode/metric_torque_violation_rate":0,"Episode/rew_yaw_rate":-0.017454061657190323,"Policy/mean_noise_std":0.09020768105983734,"Episode/semantic_non_track_ratio":0.000802379276137799,"Episode/rew_dof_acc":-0.003123315516859293,"Episode/rew_lane_centering":0.04197586700320244,"Episode/metric_speed_mps":0.9373470544815063,"Episode/metric_success_rate":0.8067911863327026,"Episode/rew_stalling":-0.18462315201759338,"Episode/rew_heading_alignment":0.254774272441864,"Loss/value_function":0.5362445652484894,"Episode/metric_fall_rate":0,"Loss/learning_rate":6.666666666666667e-05,"Episode/metric_collision_rate":0,"_step":199,"_wandb":{"runtime":63},"Episode/rew_heading_error":-6.0091271734563634e-05,"Episode/rew_lane_divergence":-0.0031364778988063335,"Episode/semantic_lane_ratio":0.9829887747764587,"Loss/surrogate":-0.0024072740779956803,"Episode/rew_alive":0.005943547002971172,"Episode/rew_torques":-0.004502119030803442,"Train/iteration":199,"Episode/rew_dof_vel":-0.007321649231016636,"Episode/rew_track_progress":1.424483060836792,"Episode/rew_action_rate":-0.004190617240965366,"Episode/metric_finish_rate":0.8067911863327026,"Episode/track_lane_length":12,"Perf/collection time":0.9355952739715576,"Episode/rew_lane_offset":-0.058503299951553345,"Episode/metric_lane_violation_rate":0.000802379276137799,"Perf/total_fps":88448,"Episode/rew_contact":0.06247536092996597,"Episode/rew_tracking_ang_vel":0.19023948907852173,"Episode/metric_obstacle_avoid_rate":0,"Train/mean_reward":60.83026676177978,"Episode/rew_collision":0,"Episode/rew_feet_swing_height":-0.0023593511432409286}