{"Episode/rew_track_progress":0.7572020292282104,"Loss/learning_rate":0.00017085937500000009,"Episode/rew_lane_centering":0.22189092636108398,"Policy/mean_noise_std":0.11595475673675537,"Episode/rew_stalling":-0.0638975203037262,"Episode/track_num_lanes":1,"Episode/metric_out_of_track_fail_rate":0,"Train/mean_episode_length":1363.41,"Episode/semantic_boundary_ratio":0,"Episode/rew_yaw_rate":-0.019511297345161438,"Train/iteration":505,"Episode/semantic_non_track_ratio":0,"Episode/rew_alive":0.02708023600280285,"Train/mean_episode_length/time":1363.41,"Loss/value_function":0.023420215025544165,"Loss/surrogate":-0.002021798562782351,"Episode/rew_ang_vel_xy":-0.006059472914785147,"Episode/rew_lane_divergence":-0.004803762771189213,"Perf/total_fps":90041,"Episode/rew_action_rate":-0.010747531428933144,"Episode/rew_dof_acc":-0.00638459762558341,"Episode/rew_feet_swing_height":-0.008016141131520271,"Episode/rew_hip_pos":-0.031958118081092834,"Episode/metric_speed_mps":0.212076336145401,"Episode/rew_base_height":-0.0002576468396000564,"Episode/rew_dof_vel":-0.012540437281131744,"_timestamp":1.7741732250544207e+09,"Episode/rew_overspeed":-0.0418524369597435,"Episode/metric_finish_rate":0.9694444537162781,"Episode/rew_contact_no_vel":-0.004494142718613148,"Episode/semantic_lane_ratio":1,"Perf/collection time":0.9341199398040771,"Episode/rew_orientation":-0.0032209481578320265,"Episode/track_lane_assignment_coverage":1,"_step":505,"Episode/track_lane_length":12,"Episode/rew_finish_bonus":0.03231481835246086,"Episode/metric_success_rate":0.9694444537162781,"Episode/rew_collision":0,"Episode/metric_lane_violation_rate":0,"Train/mean_reward/time":96.41734802246094,"Episode/rew_lateral_velocity":-0.006068240851163864,"Perf/learning_time":0.15764164924621582,"Episode/rew_heading_alignment":1.1548335552215576,"Episode/metric_torque_violation_rate":0,"_wandb":{"runtime":569},"Episode/rew_contact":0.3041040301322937,"Train/mean_reward":96.41734802246094,"Episode/rew_lin_vel_z":-0.008559420704841614,"Episode/rew_heading_error":-0.0008983520674519241,"_runtime":569.742275908,"Episode/rew_lane_offset":-0.024224460124969482,"Episode/rew_torques":-0.01281220093369484,"Episode/rew_tracking_ang_vel":1.0023467540740967,"Episode/metric_obstacle_avoid_rate":0,"Episode/metric_fall_rate":0,"Episode/rew_dof_pos_limits":-0.03689837455749512,"Episode/metric_collision_rate":0,"Episode/metric_torque_utilization":0.08430149406194687}