{"Perf/total_fps":84975,"Loss/surrogate":-0.007041890971595422,"Episode/rew_action_rate":-0.3267401456832886,"Episode/rew_termination":-0.00019988427811767906,"Episode/track_num_lanes":1,"Train/mean_reward/time":16.05078120291233,"Perf/learning_time":0.16540241241455078,"Perf/collection time":0.9914491176605225,"Episode/rew_base_height":-0.06032135337591171,"Episode/metric_success_rate":0.8001157641410828,"Episode/metric_lane_violation_rate":0.4758126735687256,"Episode/rew_torques":-0.14054648578166962,"Episode/metric_obstacle_avoid_rate":0,"Episode/semantic_lane_ratio":0.5039777159690857,"Episode/rew_dof_acc":-0.26506856083869934,"Episode/rew_stand_still":0,"Episode/metric_speed_mps":0.24268925189971924,"Episode/rew_feet_air_time":-0.01348257064819336,"Episode/rew_orientation":-0.04350443184375763,"Loss/learning_rate":0.0008779149519890263,"Episode/rew_ang_vel_xy":-0.0886165127158165,"Episode/rew_lin_vel_z":-0.06111878156661987,"Episode/metric_fall_rate":0.19988426566123962,"Episode/rew_collision":-0.0032920835074037313,"Episode/rew_lane_boundary":-4.0896501541137695,"Train/mean_episode_length/time":911.14,"Train/mean_reward":16.05078120291233,"Loss/value_function":0.04994464218616486,"_wandb":{"runtime":1415},"Episode/semantic_non_track_ratio":0.4758126735687256,"Episode/track_lane_length":2048,"Train/mean_episode_length":911.14,"Episode/metric_collision_rate":0.015514342114329338,"_timestamp":1.7739044218786852e+09,"Episode/semantic_boundary_ratio":0.020209569483995438,"Episode/metric_torque_violation_rate":0,"Episode/rew_dof_vel":-0.04250049591064453,"Episode/rew_lane_centering":0.9311768412590027,"_runtime":1415.78471984,"Episode/rew_lane_offset":-2.8687758445739746,"Episode/track_lane_assignment_coverage":1,"Episode/rew_tracking_lin_vel":1.1293346881866455,"Train/iteration":1217,"Episode/metric_torque_utilization":0.292630136013031,"Policy/mean_noise_std":1.3747806549072266,"_step":1217,"Episode/max_command_x":0.40000003576278687}