{"Perf/collection time":0.8976049423217773,"Episode/rew_lane_boundary":-0.0225022342056036,"Episode/rew_dof_pos_limits":-7.313150854315609e-05,"Episode/rew_base_height":-0.00024998828303068876,"Episode/rew_tracking_lin_vel":0.6873042583465576,"Episode/metric_torque_utilization":0.08515048027038574,"Episode/metric_finish_rate":0,"Loss/learning_rate":0.00026012294873748907,"Episode/rew_torques":-0.014285161159932613,"Episode/metric_success_rate":0,"Episode/rew_lane_offset":-0.05253724753856659,"Episode/rew_track_progress":0.1309417188167572,"Perf/learning_time":0.1628122329711914,"Episode/rew_dof_vel":-0.010845224373042583,"Episode/track_lane_assignment_coverage":1,"_timestamp":1.774023225625378e+09,"Episode/rew_collision":0,"Episode/rew_feet_air_time":-0.00031897303415462375,"Episode/rew_orientation":-0.025718724355101585,"Episode/track_num_lanes":1,"Loss/value_function":0.01728646382689476,"Episode/rew_action_rate":-0.010536601766943932,"Episode/metric_lane_violation_rate":0.013944524340331554,"Loss/surrogate":-0.00015940750017762184,"Episode/semantic_non_track_ratio":0.013944524340331554,"Episode/rew_stand_still":0,"Episode/metric_torque_violation_rate":0,"Train/mean_reward/time":14.280241231918335,"Episode/rew_ang_vel_xy":-0.3774038255214691,"Policy/mean_noise_std":0.05605241656303406,"Episode/rew_finish_bonus":0,"Episode/rew_tracking_ang_vel":0.06431395560503006,"Episode/metric_obstacle_avoid_rate":0,"Episode/semantic_lane_ratio":0.9757324457168579,"Episode/rew_dof_acc":-0.01948542706668377,"Episode/semantic_boundary_ratio":0.010323098860681057,"Episode/rew_yaw_rate":-0.02645663544535637,"Episode/metric_collision_rate":0,"Episode/rew_lateral_velocity":-0.027623554691672325,"Episode/metric_speed_mps":0.48749804496765137,"Train/mean_episode_length":803.17,"Episode/rew_lin_vel_z":-0.019614558666944504,"Episode/metric_fall_rate":1,"Train/mean_episode_length/time":803.17,"Train/mean_reward":14.280241231918335,"Train/iteration":913,"Episode/track_lane_length":12,"_step":913,"Perf/total_fps":92703,"Episode/rew_heading_alignment":0.05939669534564018,"_runtime":970.183226977,"Episode/rew_double_air":-0.01021232083439827,"_wandb":{"runtime":970},"Episode/rew_termination":-0.03291071578860283}