{"_runtime":983.647727235,"Episode/rew_base_height":-0.0007717916159890592,"Loss/value_function":0.7604924231767655,"Episode/rew_dof_acc":-0.06215406954288483,"Episode/semantic_boundary_ratio":0.020611215382814407,"Episode/rew_stand_still":0,"Loss/surrogate":-0.014556887070648372,"Episode/metric_fall_rate":0.7521357536315918,"_wandb":{"runtime":983},"Episode/rew_finish_bonus":0.012393216602504253,"Train/mean_episode_length/time":92.16,"Episode/metric_speed_mps":1.88303542137146,"Episode/rew_yaw_rate":-0.13215264678001404,"Episode/rew_lin_vel_z":-0.04960063099861145,"Episode/metric_lane_violation_rate":0.04486067593097687,"Episode/rew_torques":-0.015727326273918152,"Episode/semantic_lane_ratio":0.934528112411499,"Loss/learning_rate":0.002962962962962961,"Episode/track_lane_assignment_coverage":1,"Policy/mean_noise_std":1.8446099758148193,"Episode/rew_action_rate":-0.05885465443134308,"Episode/rew_feet_air_time":-0.000543302739970386,"Episode/metric_torque_utilization":0.3442924916744232,"Episode/semantic_non_track_ratio":0.04486067593097687,"Episode/rew_termination":-0.030085427686572075,"Train/mean_reward":2.599688153862953,"Episode/rew_dof_vel":-0.01307742204517126,"Episode/track_lane_length":12,"Episode/metric_collision_rate":4.572826946969144e-05,"Episode/rew_track_progress":0.3685942590236664,"Episode/metric_success_rate":0.24786433577537537,"Episode/metric_obstacle_avoid_rate":0,"Episode/rew_ang_vel_xy":-0.03550460934638977,"Perf/total_fps":86157,"Episode/rew_lane_offset":-0.007217271253466606,"Episode/rew_lane_centering":0.02373459003865719,"Episode/rew_collision":-1.5628769460818148e-06,"Train/mean_reward/time":2.599688153862953,"Episode/rew_lateral_velocity":-0.011637911200523376,"Train/iteration":876,"_timestamp":1.774016828651516e+09,"Perf/collection time":0.9541585445404053,"_step":876,"Episode/rew_dof_pos_limits":-0.011058653704822063,"Train/mean_episode_length":92.16,"Episode/rew_heading_alignment":0.07026198506355286,"Perf/learning_time":0.18681979179382324,"Episode/rew_orientation":-0.003934485372155905,"Episode/rew_tracking_lin_vel":0.018733233213424683,"Episode/track_num_lanes":1,"Episode/rew_tracking_ang_vel":0.003133804304525256,"Episode/rew_lane_boundary":-0.005533026531338692,"Episode/metric_finish_rate":0.24786433577537537,"Episode/metric_torque_violation_rate":0}