{"Episode/track_lane_assignment_coverage":1,"_wandb":{"runtime":1321},"Episode/metric_lane_violation_rate":0.015040552243590355,"Episode/rew_orientation":-0.004849840886890888,"Episode/rew_feet_air_time":-0.0005771071882918477,"Episode/metric_torque_utilization":0.17792066931724548,"Episode/rew_lane_offset":-0.003837569383904338,"Episode/rew_dof_vel":-0.00531588401645422,"Episode/metric_fall_rate":1,"Episode/rew_tracking_lin_vel":0.04669823870062828,"Episode/rew_tracking_ang_vel":0.00531215313822031,"Train/mean_reward/time":3.5861402398347852,"Episode/rew_action_rate":-0.01445477269589901,"Episode/rew_lateral_velocity":-0.005639743059873581,"Perf/learning_time":0.27283787727355957,"Episode/semantic_boundary_ratio":0.007066146936267614,"Episode/rew_lane_centering":0.023689288645982742,"Episode/rew_ang_vel_xy":-0.02031424641609192,"Episode/metric_torque_violation_rate":0,"Policy/mean_noise_std":0.9060565829277039,"Train/mean_episode_length/time":86.87,"Episode/rew_collision":-4.844961267735926e-07,"Episode/track_lane_length":12,"Episode/rew_yaw_rate":-0.036994289606809616,"Episode/rew_torques":-0.004712487570941448,"Episode/metric_collision_rate":1.2265724762983155e-05,"Episode/metric_finish_rate":0,"Perf/total_fps":80837,"Episode/semantic_non_track_ratio":0.015040552243590355,"Episode/metric_success_rate":0,"Train/iteration":1188,"Episode/rew_stand_still":0,"Episode/track_num_lanes":1,"Loss/learning_rate":0.0013168724279835394,"_step":1188,"Episode/metric_speed_mps":1.2041434049606323,"Loss/value_function":0.9667688310146332,"_timestamp":1.7740137349827392e+09,"Episode/rew_dof_pos_limits":-0.0027168940287083387,"_runtime":1321.690929901,"Episode/rew_dof_acc":-0.024759799242019653,"Episode/rew_track_progress":0.1994725912809372,"Loss/surrogate":-0.01906364186434075,"Train/mean_reward":3.5861402398347852,"Episode/rew_lane_boundary":-0.0020207446068525314,"Episode/rew_base_height":-0.0008606211049482226,"Train/mean_episode_length":86.87,"Episode/rew_termination":-0.030000001192092896,"Episode/rew_heading_alignment":0.06678592413663864,"Episode/metric_obstacle_avoid_rate":0,"Perf/collection time":0.9432342052459717,"Episode/rew_lin_vel_z":-0.017844388261437416,"Episode/semantic_lane_ratio":0.9778933525085449}