{"Episode/rew_lin_vel_z":-0.15877506136894226,"Perf/total_fps":94902,"Episode/track_num_lanes":1,"Episode/rew_tracking_lin_vel":0.1609657257795334,"Loss/value_function":0.03374681510031223,"Perf/learning_time":0.16125178337097168,"Episode/rew_contact":0.09992881864309311,"Episode/rew_collision":-4.1666667129902635e-06,"Episode/semantic_non_track_ratio":0.459248423576355,"Episode/rew_contact_no_vel":-0.1662992238998413,"Episode/metric_obstacle_avoid_rate":0,"_runtime":1579.101049286,"Episode/semantic_lane_ratio":0.5170785188674927,"Episode/metric_collision_rate":5.429095108411275e-05,"Episode/rew_dof_pos_limits":-0.2493811696767807,"Episode/rew_dof_vel":-0.5412153601646423,"Episode/metric_speed_mps":0.6449072360992432,"_wandb":{"runtime":1579},"Episode/track_lane_assignment_coverage":1,"Train/mean_reward/time":0.0030510715067066487,"Episode/metric_lane_violation_rate":0.459248423576355,"Episode/rew_lane_offset":-1.5054030418395996,"Train/mean_episode_length":547,"Episode/rew_tracking_ang_vel":0.057586994022130966,"Loss/surrogate":-0.015810403364594095,"Loss/learning_rate":0.0005852766346593505,"Episode/rew_orientation":-0.0390019416809082,"Episode/rew_alive":0.08375269174575806,"Episode/rew_action_rate":-1.145922303199768,"Policy/mean_noise_std":2.2050395011901855,"Episode/semantic_boundary_ratio":0.02367309294641018,"_timestamp":1.774162088874528e+09,"Episode/metric_success_rate":0.3277011513710022,"Episode/rew_torques":-0.11178918182849884,"Episode/rew_lane_centering":0.19698107242584229,"Perf/collection time":0.8745951652526855,"Episode/rew_dof_acc":-0.7082953453063965,"Episode/rew_ang_vel_xy":-0.26224058866500854,"Episode/track_lane_length":2048,"Episode/metric_torque_violation_rate":0,"Train/mean_reward":0.0030510715067066487,"Train/iteration":1439,"Episode/rew_base_height":-0.026852531358599663,"_step":1439,"Train/mean_episode_length/time":547,"Episode/metric_torque_utilization":0.3576529920101166,"Episode/rew_feet_swing_height":-0.02503363788127899,"Episode/metric_fall_rate":0.6722989082336426,"Episode/rew_hip_pos":-0.2383956015110016}