{"Episode/rew_hip_pos":-0.0017379324,"Episode/rew_base_height":-0.0063807275,"Policy/mean_noise_std":0.43190855,"Episode/rew_contact_no_vel":-0.0020671105,"Episode/rew_dof_vel":-0.0024016257,"Train/mean_episode_length":49.4,"global_step":225,"Episode/rew_torques":-0.0008549597,"Train/mean_reward/time":0.419894,"_runtime":233,"_timestamp":1.7702127002726405e+09,"Train/mean_reward":0.419894,"Episode/rew_tracking_ang_vel":0.013890851,"Episode/rew_orientation":-0.0052085137,"Episode/rew_tracking_lin_vel":0.005919751,"Loss/surrogate":-0.008308008,"_wandb":{"runtime":233},"Perf/total_fps":98724,"Episode/rew_lin_vel_z":-0.002924941,"Episode/rew_action_rate":-0.0028183532,"Episode/rew_feet_swing_height":-0.00060175476,"Perf/collection time":0.7870424,"Episode/rew_contact":0.010875439,"Episode/rew_ang_vel_xy":-0.0075648185,"Episode/rew_dof_pos_limits":-0.0003869338,"Episode/rew_alive":0.007414585,"_step":6131,"Loss/learning_rate":0.0013168724,"Loss/value_function":0.0049531697,"Train/mean_episode_length/time":49.4,"Episode/rew_dof_acc":-0.0025748094,"Perf/learning_time":0.20870042}