{"Episode/rew_track_progress":1.311589002609253,"Episode/semantic_boundary_ratio":0.010448222979903221,"Episode/rew_torques":-0.004562129266560078,"Episode/rew_heading_alignment":0.2941707968711853,"Episode/rew_collision":0,"Episode/rew_dof_vel":-0.006817501969635487,"Episode/rew_stalling":-0.15748853981494904,"Episode/rew_lin_vel_z":-0.007552549242973328,"Episode/metric_obstacle_avoid_rate":0,"Train/mean_reward/time":62.03065877914429,"Episode/rew_ang_vel_xy":-0.0034562102518975735,"Train/mean_episode_length":348.44,"_timestamp":1.7741745203654985e+09,"Episode/rew_lane_divergence":-0.0029902062378823757,"Episode/rew_lane_offset":-0.05765988677740097,"Episode/rew_contact":0.07524088025093079,"Episode/track_lane_assignment_coverage":1,"Episode/semantic_non_track_ratio":0.0006454023532569408,"Episode/rew_tracking_lin_vel":0.3420180678367615,"Episode/rew_alive":0.006855767220258713,"Policy/mean_noise_std":0.09169745445251465,"Episode/track_num_lanes":1,"Episode/rew_orientation":-0.0017307901289314032,"Episode/metric_collision_rate":0,"Episode/rew_finish_bonus":0.05278869718313217,"Episode/metric_fall_rate":0,"Episode/rew_base_height":-0.00030304116080515087,"Train/mean_reward":62.03065877914429,"Episode/rew_lateral_velocity":-0.0052097211591899395,"Loss/value_function":0.2698666021227837,"_runtime":63.595477093,"Perf/total_fps":88623,"Episode/metric_speed_mps":0.810257613658905,"Episode/metric_finish_rate":0.8798115253448486,"Train/mean_episode_length/time":348.44,"Episode/rew_action_rate":-0.0041320789605379105,"Episode/rew_yaw_rate":-0.01621592603623867,"Episode/rew_dof_acc":-0.0028432279359549284,"Episode/rew_feet_swing_height":-0.002211924409493804,"Episode/rew_heading_error":-6.337181548587978e-05,"Episode/rew_hip_pos":-0.010068843141198158,"Perf/collection time":0.9477736949920654,"Episode/semantic_lane_ratio":0.9889063835144043,"Episode/metric_success_rate":0.8798115253448486,"Loss/learning_rate":4.4444444444444447e-05,"Episode/rew_overspeed":-0.05038420483469963,"Episode/rew_tracking_ang_vel":0.22545230388641357,"Episode/metric_torque_utilization":0.10265233367681503,"Episode/track_lane_length":12,"Episode/metric_out_of_track_fail_rate":0.12018849700689316,"Episode/rew_lane_centering":0.049481600522994995,"Train/iteration":149,"_wandb":{"runtime":63},"_step":149,"Episode/rew_contact_no_vel":-0.004252896178513765,"Episode/metric_lane_violation_rate":0.0006454023532569408,"Perf/learning_time":0.16145658493041992,"Episode/rew_dof_pos_limits":-0.01347007229924202,"Loss/surrogate":-0.0014693814795464278,"Episode/metric_torque_violation_rate":0}