{"Train/mean_episode_length":799.31,"Episode/metric_torque_violation_rate":0,"Policy/mean_noise_std":29.380733489990234,"Episode/track_num_lanes":1,"Episode/metric_lane_violation_rate":0.2367267906665802,"Episode/rew_ang_vel_xy":-0.20594322681427002,"_runtime":3980.842864844,"Episode/rew_base_height":-0.44443005323410034,"Train/mean_reward/time":-0.004599999897181988,"Episode/max_command_x":0.699999988079071,"Perf/total_fps":81038,"Episode/metric_speed_mps":0.3062366247177124,"Train/iteration":3383,"_wandb":{"runtime":3980},"Episode/rew_orientation":-0.11424295604228973,"Train/mean_episode_length/time":799.31,"Episode/metric_obstacle_avoid_rate":0,"Episode/track_lane_assignment_coverage":1,"Episode/rew_dof_acc":-0.7442163228988647,"Episode/rew_stand_still":0,"Episode/rew_dof_vel":-0.10821533203125,"Episode/rew_tracking_lin_vel":0.7085429430007935,"Episode/rew_torques":-0.9446206092834473,"Episode/rew_action_rate":-71.42086029052734,"Episode/rew_lane_boundary":-0.3805142045021057,"Episode/semantic_boundary_ratio":0.03409673273563385,"Episode/metric_fall_rate":0.20421628654003143,"Episode/rew_feet_air_time":-0.0023176390677690506,"Perf/learning_time":0.16063427925109863,"Episode/rew_lane_centering":0.8478264808654785,"Episode/rew_lin_vel_z":-0.21361073851585388,"Episode/track_lane_length":2048,"Episode/semantic_non_track_ratio":0.2367267906665802,"Perf/collection time":1.0524227619171143,"Loss/surrogate":-0.003160519423545338,"Loss/learning_rate":0.0005766503906250003,"Episode/rew_termination":-0.00020421628141775727,"_timestamp":1.7739088450087836e+09,"Episode/semantic_lane_ratio":0.7291765213012695,"Episode/metric_torque_utilization":0.9724113941192627,"_step":3383,"Episode/metric_success_rate":0.7957837581634521,"Loss/value_function":4.2794858785555333e-07,"Episode/rew_lane_offset":-0.2218305766582489,"Episode/rew_collision":-0.06786806881427765,"Train/mean_reward":-0.004599999897181988,"Episode/metric_collision_rate":0.32370126247406006}