{"_runtime":2970.774996037,"Episode/rew_torques":-0.03420209139585495,"Loss/surrogate":-0.007834854358225129,"Episode/rew_contact":0.2974860668182373,"Episode/rew_ang_vel_xy":-0.03409967198967934,"Episode/rew_tracking_ang_vel":0.2302430123090744,"Train/mean_reward/time":21.3929842710495,"Policy/mean_noise_std":0.4850255846977234,"Perf/learning_time":0.16091537475585938,"_wandb":{"runtime":2970},"Perf/collection time":0.8016936779022217,"Loss/learning_rate":0.0019461950683593758,"Episode/rew_tracking_lin_vel":0.7762815356254578,"Episode/rew_lin_vel_z":-0.04078884422779083,"_timestamp":1.7702187747314765e+09,"_step":2999,"Episode/rew_feet_swing_height":-0.008323319256305695,"Episode/rew_alive":0.14738702774047852,"Train/mean_episode_length/time":982.41,"Episode/rew_dof_pos_limits":-0.009595068171620369,"Train/mean_episode_length":982.41,"Episode/rew_orientation":-0.004238671623170376,"Episode/rew_action_rate":-0.08092863857746124,"Episode/rew_hip_pos":-0.0409797802567482,"Episode/rew_contact_no_vel":-0.028774535283446312,"Perf/total_fps":102122,"Train/iteration":2999,"Episode/rew_base_height":-0.009141318500041962,"Train/mean_reward":21.3929842710495,"Loss/value_function":0.007005507173016667,"Episode/rew_dof_acc":-0.06646116822957993,"Episode/rew_dof_vel":-0.07003767788410187}