{"Episode/rew_feet_swing_height":-0.019210830330848694,"Episode/rew_action_rate":-0.4758642613887787,"Policy/mean_noise_std":1.328016996383667,"Episode/rew_tracking_lin_vel":0.3408135175704956,"Episode/rew_hip_pos":-0.10132986307144165,"Loss/value_function":0.10318367928266525,"Episode/rew_heading_alignment":0.5875729322433472,"_step":745,"Episode/rew_torques":-0.058831460773944855,"Train/mean_episode_length/time":727.71,"Episode/track_lane_assignment_coverage":1,"Episode/rew_dof_acc":-0.30653002858161926,"Episode/rew_tracking_ang_vel":0.22796332836151123,"Episode/rew_dof_pos_limits":-0.18791303038597107,"Episode/rew_heading_error":-0.2907755374908447,"Episode/semantic_lane_ratio":0.3921777009963989,"Train/mean_reward/time":1.5714711111600264,"Loss/learning_rate":0.001975308641975308,"Episode/rew_orientation":-0.018217112869024277,"Episode/track_num_lanes":1,"Episode/rew_base_height":-0.0071612074971199036,"Episode/metric_speed_mps":0.4638018310070038,"Episode/semantic_boundary_ratio":0.02346879243850708,"Episode/rew_dof_vel":-0.24743501842021942,"Perf/collection time":0.9515674114227295,"Episode/rew_yaw_rate":-1.3643096685409546,"_wandb":{"runtime":825},"Train/mean_episode_length":727.71,"_timestamp":1.7741649722561445e+09,"Episode/rew_lateral_velocity":-0.13206034898757935,"Loss/surrogate":-0.011236208805348724,"Episode/track_lane_length":2048,"Episode/metric_torque_violation_rate":0,"Perf/learning_time":0.1643204689025879,"Episode/metric_success_rate":0.5031911730766296,"Train/iteration":745,"Episode/rew_lane_centering":0.1185235008597374,"Episode/metric_lane_violation_rate":0.5843535661697388,"Train/mean_reward":1.5714711111600264,"Episode/rew_lane_offset":-4.325662612915039,"Episode/metric_obstacle_avoid_rate":0,"Episode/rew_lin_vel_z":-0.10109387338161469,"Episode/rew_ang_vel_xy":-0.12467801570892334,"Episode/metric_torque_utilization":0.21944648027420044,"_runtime":825.63844283,"Episode/rew_collision":-3.273809625170543e-06,"Episode/metric_fall_rate":0.49680888652801514,"Episode/rew_contact_no_vel":-0.08462028950452805,"Episode/rew_alive":0.10961617529392242,"Perf/total_fps":88094,"Episode/rew_contact":0.1367325782775879,"Episode/semantic_non_track_ratio":0.5843535661697388,"Episode/metric_collision_rate":0.00012377850362099707}