{"Episode/rew_lane_centering":0.10739128291606903,"Episode/rew_lin_vel_z":-0.047023020684719086,"Episode/rew_stand_still":0,"Episode/metric_obstacle_avoid_rate":0,"Train/mean_reward/time":14.214487071037292,"Episode/rew_action_rate":-0.1094740554690361,"Episode/track_num_lanes":1,"Policy/mean_noise_std":1.1208022832870483,"Episode/metric_fall_rate":0.8725714683532715,"Episode/track_lane_assignment_coverage":1,"Train/mean_episode_length/time":450.04,"Perf/collection time":0.9058763980865479,"Episode/track_lane_length":12,"Episode/rew_tracking_ang_vel":0.02725888416171074,"Episode/rew_dof_vel":-0.026651661843061447,"Episode/rew_dof_pos_limits":-0.017618145793676376,"Episode/metric_torque_violation_rate":0,"Train/iteration":1094,"Episode/rew_orientation":-0.01205152552574873,"Loss/value_function":0.23898264169692993,"Episode/semantic_non_track_ratio":0.04774501174688339,"Episode/semantic_lane_ratio":0.9263496398925781,"Episode/metric_success_rate":0.1274285614490509,"Perf/total_fps":92184,"Episode/rew_lane_boundary":-0.02956310287117958,"Episode/rew_torques":-0.029906120151281357,"Episode/rew_yaw_rate":-0.1618693470954895,"_step":1094,"Episode/rew_dof_acc":-0.1328645944595337,"_timestamp":1.7740157903396664e+09,"Episode/metric_finish_rate":0.12497757375240326,"Loss/learning_rate":0.0005766503906250003,"Episode/semantic_boundary_ratio":0.025905385613441467,"Train/mean_episode_length":450.04,"Episode/rew_collision":0,"Episode/rew_tracking_lin_vel":0.4470672011375427,"Episode/rew_lane_offset":-0.04065147042274475,"_runtime":1206.723264948,"_wandb":{"runtime":1206},"Episode/metric_collision_rate":0,"Train/mean_reward":14.214487071037292,"Episode/metric_lane_violation_rate":0.04774501174688339,"Perf/learning_time":0.16050386428833008,"Episode/rew_track_progress":0.39417392015457153,"Episode/metric_torque_utilization":0.22092285752296448,"Episode/rew_heading_alignment":0.32199186086654663,"Episode/rew_base_height":-0.00018593452114146203,"Episode/rew_termination":-0.03490285575389862,"Episode/rew_lateral_velocity":-0.011450458317995071,"Episode/rew_ang_vel_xy":-0.16200900077819824,"Episode/metric_speed_mps":0.6006907820701599,"Episode/rew_feet_air_time":-0.0067666745744645596,"Loss/surrogate":-0.010246658691903577}