{"Episode/rew_dof_vel":-0.01466386765241623,"Episode/rew_action_rate":-0.0509006641805172,"Episode/rew_orientation":-0.007435684558004141,"Train/mean_reward/time":1.0814639042690397,"Episode/rew_tracking_lin_vel":0.07297325879335403,"Episode/semantic_boundary_ratio":0.018359646201133728,"Episode/metric_lane_violation_rate":0.220345601439476,"Episode/rew_base_height":-0.0005141858127899468,"Episode/rew_lin_vel_z":-0.09335410594940186,"Episode/rew_feet_air_time":-0.0036658737808465958,"Episode/semantic_lane_ratio":0.7612947821617126,"Perf/collection time":0.9995102882385254,"_step":441,"Episode/rew_lane_boundary":-0.08406367152929306,"Train/iteration":441,"Train/mean_reward":1.0814639042690397,"_wandb":{"runtime":497},"Episode/track_num_lanes":1,"Perf/total_fps":82583,"Episode/track_lane_length":2048,"Episode/metric_fall_rate":1,"Episode/metric_obstacle_avoid_rate":0,"Episode/rew_dof_acc":-0.08163966983556747,"Episode/rew_stand_still":0,"Episode/metric_torque_utilization":0.255519837141037,"Train/mean_episode_length":134.49,"Episode/rew_ang_vel_xy":-0.04518834874033928,"Episode/metric_speed_mps":0.8680263757705688,"Policy/mean_noise_std":1.4772480726242065,"Episode/semantic_non_track_ratio":0.220345601439476,"Episode/rew_termination":-0.0010000000474974513,"Perf/learning_time":0.19085240364074707,"_runtime":497.88905977,"Loss/surrogate":-0.014699678297620266,"Episode/rew_torques":-0.015210694633424282,"Episode/rew_lane_centering":0.13196879625320435,"_timestamp":1.7739841276098146e+09,"Episode/track_lane_assignment_coverage":1,"Loss/value_function":0.10455792360007762,"Episode/rew_collision":0,"Episode/metric_success_rate":0,"Train/mean_episode_length/time":134.49,"Episode/rew_lane_offset":-0.05496024340391159,"Episode/metric_torque_violation_rate":0,"Episode/metric_collision_rate":0,"Loss/learning_rate":0.0005852766346593504}