{"Episode/rew_dof_acc":-0.0030589436646550894,"Policy/mean_noise_std":0.7914522886276245,"Episode/rew_contact":0.0022299797274172306,"Episode/rew_lateral_velocity":-0.0018795696087181568,"Episode/rew_heading_alignment":0.01562103908509016,"Episode/metric_torque_violation_rate":0,"Episode/rew_base_height":-0.00026656349655240774,"_wandb":{"runtime":7},"Episode/rew_lin_vel_z":-0.0022216131910681725,"Episode/rew_dof_vel":-0.002289209049195051,"Perf/total_fps":83022,"Episode/rew_heading_error":-6.754324567737058e-05,"Episode/rew_yaw_rate":-0.025538427755236626,"Episode/rew_feet_swing_height":-0.00018387965974397957,"Episode/metric_torque_utilization":0.09139244258403778,"Loss/surrogate":-0.009863463958026841,"Episode/rew_torques":-0.00029657676350325346,"Train/iteration":0,"Episode/metric_fall_rate":0.14345377683639526,"Loss/value_function":0.010968269174918532,"_runtime":7.863877287,"Train/mean_episode_length":16.22,"Train/mean_episode_length/time":16.22,"Episode/rew_lane_offset":-0.0027702446095645428,"Episode/rew_tracking_lin_vel":0.006912965327501297,"Episode/rew_collision":0,"Episode/semantic_lane_ratio":0.9385287761688232,"Train/mean_reward/time":0.23220323480665683,"Episode/rew_contact_no_vel":-0.0010375531855970621,"Episode/track_lane_length":6,"Episode/rew_action_rate":-0.001788492314517498,"Episode/rew_dof_pos_limits":-0.0001399652101099491,"Episode/metric_obstacle_avoid_rate":0,"_timestamp":1.7741660958171704e+09,"Episode/metric_speed_mps":0.2717593312263489,"Episode/rew_ang_vel_xy":-0.0025545062962919474,"Train/mean_reward":0.23220323480665683,"Perf/collection time":0.9705586433410645,"Perf/learning_time":0.21350598335266113,"Episode/semantic_non_track_ratio":0.014472642913460732,"Episode/rew_tracking_ang_vel":0.004570724442601204,"Episode/rew_lane_centering":0.005313574336469173,"Episode/metric_success_rate":0.8565462827682495,"Episode/metric_lane_violation_rate":0.014472642913460732,"Episode/rew_orientation":-0.0005110297934152186,"Episode/rew_alive":0.002010227181017399,"Episode/track_lane_assignment_coverage":1,"Episode/metric_collision_rate":0,"Loss/learning_rate":0.0033750000000000004,"Episode/semantic_boundary_ratio":0.005331926979124546,"Episode/track_num_lanes":1,"Episode/rew_hip_pos":-0.0005838064244017005,"_step":0}