{"Episode/rew_lane_boundary":-0.5321115255355835,"Episode/semantic_lane_ratio":0.6601628661155701,"Train/mean_reward/time":-0.004199999906122684,"Perf/learning_time":0.1609947681427002,"Episode/metric_success_rate":0.7850198745727539,"Episode/rew_dof_acc":-1.8269202709197998,"Loss/learning_rate":0.0005766503906250003,"Episode/metric_fall_rate":0.21498017013072968,"Loss/surrogate":-0.003698426877963357,"Episode/semantic_boundary_ratio":0.030265841633081436,"Train/mean_episode_length":856.98,"Train/mean_reward":-0.004199999906122684,"Episode/metric_torque_violation_rate":0,"Episode/rew_collision":-0.04436954855918884,"Episode/rew_dof_vel":-0.25931885838508606,"Episode/rew_stand_still":0,"Episode/rew_action_rate":-81.32733154296875,"Episode/semantic_non_track_ratio":0.30957135558128357,"Episode/rew_ang_vel_xy":-0.29449397325515747,"_step":2465,"Episode/rew_base_height":-0.4554300010204315,"Train/iteration":2465,"Episode/rew_orientation":-0.1255805343389511,"Loss/value_function":5.012822384742322e-07,"Episode/track_num_lanes":1,"Train/mean_episode_length/time":856.98,"Episode/rew_tracking_lin_vel":0.7327248454093933,"Episode/metric_lane_violation_rate":0.30957135558128357,"Episode/metric_obstacle_avoid_rate":0,"Episode/metric_torque_utilization":0.9390463829040527,"Episode/rew_lane_centering":0.8745560646057129,"Policy/mean_noise_std":23.002174377441406,"Episode/track_lane_length":2048,"Perf/total_fps":82725,"_timestamp":1.773912279253925e+09,"Episode/rew_termination":-0.00021498018759302795,"Perf/collection time":1.0273189544677734,"Episode/metric_collision_rate":0.2320258617401123,"Episode/rew_torques":-0.9505000114440918,"Episode/max_command_x":0.699999988079071,"_runtime":2875.90406368,"_wandb":{"runtime":2875},"Episode/rew_lane_offset":-0.28581005334854126,"Episode/track_lane_assignment_coverage":1,"Episode/rew_lin_vel_z":-0.26924777030944824,"Episode/metric_speed_mps":0.32341575622558594,"Episode/rew_feet_air_time":-0.0022972547449171543}