{"_wandb":{"runtime":24},"Episode/rew_tracking_ang_vel":0.00254460284486413,"Episode/rew_collision":-0.0005069444887340069,"Episode/rew_ang_vel_xy":-0.01161251775920391,"Policy/mean_noise_std":0.8834750056266785,"Episode/rew_dof_vel":-0.0023951230105012655,"_timestamp":1.7702206024041138e+09,"Train/iteration":47,"Episode/rew_dof_acc":-0.01295947190374136,"Loss/surrogate":-0.030097129405476153,"Episode/rew_torques":-0.0012004314921796322,"Perf/total_fps":1921,"Episode/rew_feet_air_time":-0.0014411112060770392,"Episode/rew_tracking_lin_vel":0.0004967247950844467,"Loss/learning_rate":5.852766346593509e-05,"Episode/rew_action_rate":-0.0067209890112280846,"Perf/learning_time":0.13359594345092773,"Perf/collection time":0.26614999771118164,"Loss/value_function":4.177607979727327e-05,"Train/mean_reward/time":0.00785955685772933,"Train/mean_reward":0.00785955685772933,"Episode/rew_lin_vel_z":-0.00426847767084837,"Episode/rew_base_height":-0.0008676019497215748,"Episode/rew_orientation":-0.005641160532832146,"Train/mean_episode_length/time":31.14,"Train/mean_episode_length":31.14,"_step":47,"_runtime":24.90420283}