{"Episode/metric_success_rate":0,"Episode/rew_yaw_rate":-0.029104694724082947,"Train/mean_reward":16.26366666674614,"Episode/rew_track_progress":0.1865580528974533,"Episode/rew_feet_air_time":-0.0024841642007231712,"_runtime":904.411899016,"Loss/learning_rate":0.0008779149519890257,"Episode/rew_dof_pos_limits":-0.00018739441293291748,"Episode/metric_torque_violation_rate":0,"Episode/track_lane_assignment_coverage":1,"Perf/total_fps":94353,"_timestamp":1.7740216076043024e+09,"Loss/value_function":0.036965861450880766,"Episode/rew_lin_vel_z":-0.025605514645576477,"Perf/learning_time":0.15716052055358887,"Episode/rew_stand_still":0,"Policy/mean_noise_std":0.1542174220085144,"Episode/metric_obstacle_avoid_rate":0,"Episode/rew_collision":0,"Episode/rew_action_rate":-0.012770172208547592,"Train/mean_episode_length":824.98,"Episode/rew_finish_bonus":0,"Episode/semantic_lane_ratio":0.9458731412887573,"Train/mean_reward/time":16.26366666674614,"Episode/rew_lateral_velocity":-0.006474501919001341,"Episode/rew_dof_acc":-0.028569741174578667,"Episode/rew_orientation":-0.019616663455963135,"Episode/rew_lane_offset":-0.08870615810155869,"Episode/metric_finish_rate":0,"Episode/rew_ang_vel_xy":-0.3118419051170349,"Episode/track_lane_length":12,"Perf/collection time":0.8847119808197021,"Episode/rew_dof_vel":-0.011403284035623074,"Episode/rew_heading_alignment":0.08134456723928452,"Episode/track_num_lanes":1,"Episode/rew_tracking_lin_vel":0.7843284010887146,"Episode/metric_lane_violation_rate":0.030346568673849106,"Episode/rew_base_height":-7.760914013488218e-05,"Train/mean_episode_length/time":824.98,"Episode/metric_collision_rate":0,"Episode/semantic_boundary_ratio":0.023780329152941704,"Episode/rew_tracking_ang_vel":0.06460239738225937,"Episode/metric_fall_rate":1,"Episode/rew_termination":-0.02648097090423107,"Episode/metric_torque_utilization":0.08746226876974106,"Episode/rew_lane_boundary":-0.050399988889694214,"Episode/semantic_non_track_ratio":0.030346568673849106,"Train/iteration":855,"Loss/surrogate":-0.0035226830761530435,"Episode/metric_speed_mps":0.49501490592956543,"_step":855,"_wandb":{"runtime":904},"Episode/rew_torques":-0.014619267545640469}