{"Episode/rew_yaw_rate":-0.014130540192127228,"Episode/metric_finish_rate":1,"Episode/rew_collision":0,"Policy/mean_noise_std":0.09920607507228851,"Episode/rew_contact_no_vel":-0.004072925075888634,"Train/iteration":46,"Episode/rew_tracking_lin_vel":0.3274052143096924,"Episode/metric_out_of_track_fail_rate":0,"_timestamp":1.774173972846529e+09,"Episode/rew_ang_vel_xy":-0.003639069851487875,"Loss/learning_rate":4.4444444444444447e-05,"Episode/rew_dof_pos_limits":-0.02478048950433731,"Episode/rew_heading_alignment":0.5677453875541687,"Episode/rew_lane_divergence":-0.003177742939442396,"Episode/rew_hip_pos":-0.017592044547200203,"Episode/metric_speed_mps":0.43704599142074585,"Episode/metric_success_rate":1,"Perf/learning_time":0.16864752769470215,"Episode/track_lane_length":12,"Loss/surrogate":-0.0012069214571965858,"Train/mean_reward":74.35233131408691,"Train/mean_reward/time":74.35233131408691,"Episode/rew_stalling":-0.0938573107123375,"Train/mean_episode_length":659.27,"Episode/rew_overspeed":-0.032243844121694565,"Episode/rew_lateral_velocity":-0.004726700484752655,"Perf/total_fps":86646,"Episode/rew_orientation":-0.002064130501821637,"Episode/rew_lane_offset":-0.030460339039564133,"Episode/rew_base_height":-0.00019704896840266883,"_runtime":60.726700181,"Episode/rew_track_progress":1.0709986686706543,"Episode/rew_action_rate":-0.005674384534358978,"_wandb":{"runtime":60},"Episode/rew_contact":0.14803621172904968,"Episode/track_lane_assignment_coverage":1,"Episode/metric_torque_violation_rate":0,"Loss/value_function":0.05805586874485016,"Episode/metric_obstacle_avoid_rate":0,"Episode/metric_torque_utilization":0.09033765643835068,"Episode/metric_collision_rate":0,"Episode/rew_feet_swing_height":-0.003743832465261221,"Episode/rew_tracking_ang_vel":0.47579890489578247,"Episode/semantic_lane_ratio":1,"Episode/rew_dof_vel":-0.007518421858549118,"Episode/rew_dof_acc":-0.003289611544460058,"Episode/rew_alive":0.013244256377220154,"Train/mean_episode_length/time":659.27,"Episode/metric_fall_rate":0,"Episode/metric_lane_violation_rate":0,"Episode/rew_lin_vel_z":-0.0082261236384511,"Episode/rew_lane_centering":0.10575219988822937,"Perf/collection time":0.9658951759338379,"Episode/semantic_boundary_ratio":0,"Episode/semantic_non_track_ratio":0,"Episode/rew_torques":-0.00701216422021389,"_step":46,"Episode/rew_finish_bonus":0.046666666865348816,"Episode/rew_heading_error":-0.0001714128884486854,"Episode/track_num_lanes":1}