{"Train/mean_episode_length":989.01,"Loss/value_function":0.013283358328044415,"_runtime":321.852806214,"Episode/rew_action_rate":-0.056776903569698334,"Episode/rew_dof_acc":-0.0906202420592308,"Episode/rew_lane_centering":0.38156113028526306,"_wandb":{"runtime":321},"Episode/track_lane_assignment_coverage":1,"Episode/metric_speed_mps":0.23394230008125305,"Loss/learning_rate":0.0019753086419753074,"_step":456,"Episode/rew_stand_still":0,"Loss/surrogate":-0.007134296957519837,"Policy/mean_noise_std":0.5560823082923889,"Episode/rew_base_height":-0.00010543108510319144,"Episode/metric_success_rate":0.9833333492279053,"Episode/metric_obstacle_avoid_rate":0,"Episode/rew_tracking_lin_vel":1.7864912748336792,"Episode/semantic_lane_ratio":0.4265926778316498,"Episode/max_command_x":0.40000003576278687,"Episode/rew_orientation":-0.005320060532540083,"Train/mean_episode_length/time":989.01,"Episode/rew_torques":-0.019157687202095985,"Episode/rew_termination":-1.6666668670950457e-05,"Episode/rew_collision":0,"Episode/metric_collision_rate":0,"Episode/metric_lane_violation_rate":0.5572660565376282,"Episode/metric_torque_utilization":0.11133480072021484,"Episode/semantic_boundary_ratio":0.01614132896065712,"Episode/rew_ang_vel_xy":-0.02039523795247078,"Episode/rew_lin_vel_z":-0.016495009884238243,"Perf/collection time":0.578697919845581,"Episode/rew_dof_vel":-0.01727057807147503,"Train/mean_reward/time":38.633813524246214,"Episode/metric_torque_violation_rate":0,"Episode/track_num_lanes":1,"Episode/metric_fall_rate":0.01666666753590107,"Train/mean_reward":38.633813524246214,"Episode/semantic_non_track_ratio":0.5572660565376282,"Train/iteration":456,"Episode/rew_feet_air_time":-0.00926370918750763,"Perf/learning_time":0.11181259155273438,"Perf/total_fps":71182,"_timestamp":1.7739027608360252e+09,"Episode/track_lane_length":1024}