{"Episode/metric_out_of_track_fail_rate":0,"Episode/rew_hip_pos":-0.02419755607843399,"_timestamp":1.774173655971784e+09,"Train/mean_episode_length/time":992.58,"Loss/value_function":0.029954757541418076,"Episode/rew_track_progress":0.9212867021560669,"Episode/rew_lane_offset":-0.05371515080332756,"Episode/metric_success_rate":1,"Episode/rew_finish_bonus":0.03999999910593033,"Episode/rew_torques":-0.00971117801964283,"Episode/metric_collision_rate":0,"Episode/rew_orientation":-0.0025107404217123985,"Episode/semantic_lane_ratio":1,"Episode/rew_heading_alignment":0.8449098467826843,"Episode/metric_lane_violation_rate":0,"Episode/rew_lane_divergence":-0.004349041730165482,"Episode/rew_ang_vel_xy":-0.004783571232110262,"Episode/track_lane_assignment_coverage":1,"Episode/rew_dof_vel":-0.009936882182955742,"Episode/metric_fall_rate":0,"Episode/metric_torque_violation_rate":0,"Episode/rew_lateral_velocity":-0.006480888929218054,"Episode/track_lane_length":12,"_runtime":73.229834597,"Train/mean_reward/time":85.50510711669922,"Episode/rew_contact":0.2194736897945404,"Episode/semantic_non_track_ratio":0,"Episode/rew_heading_error":-0.0002561730216257274,"Perf/collection time":0.9669013023376465,"Episode/rew_contact_no_vel":-0.004364869091659784,"Episode/semantic_boundary_ratio":0,"Episode/rew_lane_centering":0.15608635544776917,"Episode/rew_overspeed":-0.009220888838171959,"Episode/rew_stalling":-0.14183905720710754,"Episode/rew_base_height":-0.00018753588665276766,"Perf/learning_time":0.16959333419799805,"Episode/rew_yaw_rate":-0.016899727284908295,"Episode/rew_feet_swing_height":-0.006081198807805777,"Episode/metric_finish_rate":1,"Episode/rew_dof_acc":-0.0047420416958630085,"Policy/mean_noise_std":0.10651950538158417,"Episode/rew_tracking_lin_vel":0.24601326882839203,"_step":57,"Episode/track_num_lanes":1,"Episode/rew_tracking_ang_vel":0.7208379507064819,"Episode/metric_speed_mps":0.2922475337982178,"Episode/metric_obstacle_avoid_rate":0,"Loss/learning_rate":0.0001,"Episode/metric_torque_utilization":0.08558738231658936,"Episode/rew_lin_vel_z":-0.008316468447446823,"Loss/surrogate":-0.0018535762676037848,"Train/mean_reward":85.50510711669922,"Episode/rew_collision":0,"Episode/rew_action_rate":-0.007830007001757622,"Train/iteration":57,"Episode/rew_alive":0.019711509346961975,"Perf/total_fps":86497,"Episode/rew_dof_pos_limits":-0.029902230948209763,"_wandb":{"runtime":73},"Train/mean_episode_length":992.58}