{"Episode/metric_torque_violation_rate":0,"Episode/rew_action_rate":-0.08518064022064209,"Episode/rew_lin_vel_z":-0.05268349498510361,"Episode/rew_dof_pos_limits":-0.012486299499869347,"Episode/track_lane_length":2048,"Episode/rew_tracking_ang_vel":0.2324126660823822,"Episode/rew_dof_acc":-0.07428860664367676,"Episode/rew_contact_no_vel":-0.030404318124055862,"Episode/metric_speed_mps":0.5053802728652954,"Episode/track_lane_assignment_coverage":1,"Episode/metric_collision_rate":0,"Episode/semantic_non_track_ratio":0.8362345695495605,"Episode/metric_fall_rate":0.008333333767950535,"Episode/rew_feet_swing_height":-0.007846161723136902,"Loss/value_function":0.008084082952700555,"_runtime":1546.506761409,"Episode/metric_obstacle_avoid_rate":0,"Episode/metric_torque_utilization":0.11861997097730637,"Perf/learning_time":0.16474604606628418,"Loss/surrogate":-0.009095441340468824,"Episode/rew_contact":0.3088521361351013,"Episode/rew_base_height":-0.0027573236729949713,"Train/mean_episode_length":1000,"Episode/metric_lane_violation_rate":0.8362345695495605,"Episode/rew_dof_vel":-0.07691502571105957,"Episode/rew_tracking_lin_vel":0.7231082320213318,"Episode/rew_alive":0.15005086362361908,"Episode/metric_success_rate":0.9916666746139526,"Episode/rew_hip_pos":-0.05128438398241997,"Loss/learning_rate":0.0019753086419753074,"_step":1414,"Perf/collection time":0.9477429389953613,"Train/mean_reward":20.334691019058226,"Episode/rew_torques":-0.029798492789268494,"_timestamp":1.774160273272271e+09,"Episode/semantic_lane_ratio":0.15507763624191284,"Train/iteration":1414,"Perf/total_fps":88364,"Episode/track_num_lanes":1,"_wandb":{"runtime":1546},"Policy/mean_noise_std":0.4828437268733978,"Train/mean_episode_length/time":1000,"Episode/rew_ang_vel_xy":-0.03767765685915947,"Train/mean_reward/time":20.334691019058226,"Episode/rew_orientation":-0.0063203079625964165,"Episode/semantic_boundary_ratio":0.008687788620591164}