{"Loss/value_function":0.04029364101588726,"Perf/learning_time":0.1774282455444336,"Train/mean_reward":1.119058142453432,"Loss/surrogate":-0.013986786809982731,"Episode/track_lane_length":4096,"Episode/metric_speed_mps":0.9874283075332642,"Episode/rew_dof_vel":-0.015058694407343864,"Episode/rew_base_height":-0.00023494128254242241,"Train/iteration":696,"Episode/rew_torques":-0.018997862935066223,"Episode/metric_obstacle_avoid_rate":0,"Episode/metric_torque_violation_rate":0,"Episode/metric_success_rate":0,"Episode/metric_fall_rate":1,"Episode/track_num_lanes":1,"Episode/metric_finish_rate":0,"Episode/rew_termination":-0.0009999999310821295,"Episode/rew_ang_vel_xy":-0.03909141197800636,"Train/mean_episode_length/time":136.43,"_runtime":783.433321295,"Episode/rew_action_rate":-0.07487060874700546,"Train/mean_reward/time":1.119058142453432,"_step":696,"Episode/metric_collision_rate":0,"_timestamp":1.7739999759647675e+09,"Episode/rew_lin_vel_z":-0.03863520175218582,"Episode/rew_tracking_ang_vel":0.020448993891477585,"Episode/rew_lane_centering":0.05056244134902954,"Episode/rew_lane_offset":-0.0033371909521520138,"Episode/rew_collision":0,"Episode/rew_lane_boundary":-0.004189026542007923,"Episode/rew_dof_acc":-0.08179986476898193,"Perf/total_fps":87716,"Episode/semantic_non_track_ratio":0.06918775290250778,"Loss/learning_rate":0.0019753086419753074,"Policy/mean_noise_std":1.8416011333465576,"_wandb":{"runtime":783},"Episode/rew_tracking_lin_vel":0.11244585365056992,"Train/mean_episode_length":136.43,"Episode/rew_yaw_rate":-0.09716878831386566,"Episode/rew_track_progress":0.10393663495779037,"Episode/track_lane_assignment_coverage":1,"Episode/semantic_lane_ratio":0.8975876569747925,"Episode/metric_torque_utilization":0.31802114844322205,"Episode/rew_stand_still":0,"Perf/collection time":0.943270206451416,"Episode/rew_orientation":-0.003072927473112941,"Episode/metric_lane_violation_rate":0.06918775290250778,"Episode/semantic_boundary_ratio":0.033224694430828094,"Episode/rew_feet_air_time":-0.0008237123256549239}