{"Episode/metric_torque_utilization":0.09555020928382874,"_runtime":64.040948903,"Episode/rew_contact_no_vel":-0.004863076843321323,"Episode/rew_lateral_velocity":-0.004056315403431654,"Episode/track_lane_assignment_coverage":1,"Episode/rew_ang_vel_xy":-0.0033585363999009132,"Loss/learning_rate":0.00015000000000000001,"Episode/metric_lane_violation_rate":0,"Episode/rew_feet_swing_height":-0.002639227546751499,"Perf/learning_time":0.16738462448120117,"Episode/semantic_lane_ratio":1,"Episode/metric_torque_violation_rate":0,"Episode/rew_heading_alignment":0.41829416155815125,"Episode/metric_fall_rate":0,"Episode/rew_lane_centering":0.07528717815876007,"_wandb":{"runtime":64},"Episode/rew_dof_pos_limits":-0.018506068736314774,"Episode/metric_collision_rate":0,"Episode/rew_finish_bonus":0.0533333346247673,"Episode/rew_alive":0.00973187480121851,"Loss/surrogate":-0.0019238221924751998,"Episode/rew_lane_divergence":-0.0026980768889188766,"Episode/metric_out_of_track_fail_rate":0,"Episode/rew_torques":-0.0056816465221345425,"Episode/rew_dof_acc":-0.0029328125528991222,"Episode/rew_overspeed":-0.03142619878053665,"Episode/rew_action_rate":-0.00484908651560545,"Train/mean_reward/time":68.73438488006592,"Episode/rew_base_height":-0.00023914672783575952,"Episode/rew_yaw_rate":-0.01487862877547741,"Episode/metric_success_rate":1,"Episode/track_num_lanes":1,"Episode/semantic_boundary_ratio":0,"Episode/rew_collision":0,"Episode/rew_lin_vel_z":-0.007853514514863491,"Policy/mean_noise_std":0.09387558698654175,"_step":99,"Episode/rew_heading_error":-7.596000796183944e-05,"Train/mean_reward":68.73438488006592,"Episode/rew_hip_pos":-0.013303401879966259,"Episode/rew_lane_offset":-0.039398159831762314,"Episode/rew_stalling":-0.12325075268745422,"Loss/value_function":0.06556183844804764,"Perf/collection time":0.9440755844116211,"Episode/rew_track_progress":1.2268568277359009,"Train/iteration":99,"Episode/metric_obstacle_avoid_rate":0,"Perf/total_fps":88445,"Train/mean_episode_length":483.39,"Episode/track_lane_length":12,"Episode/semantic_non_track_ratio":0,"Train/mean_episode_length/time":483.39,"Episode/rew_dof_vel":-0.007042743265628815,"Episode/rew_tracking_lin_vel":0.3492887020111084,"_timestamp":1.7741742984972398e+09,"Episode/rew_contact":0.10795412957668304,"Episode/metric_finish_rate":1,"Episode/rew_orientation":-0.001798369805328548,"Episode/metric_speed_mps":0.5970249176025391,"Episode/rew_tracking_ang_vel":0.33761879801750183}