{"Train/mean_episode_length":273.67,"Episode/semantic_non_track_ratio":0.000652439659461379,"Perf/collection time":0.9242289066314697,"_step":299,"Loss/value_function":0.42961274087429047,"Episode/semantic_lane_ratio":0.9907021522521973,"Episode/rew_tracking_ang_vel":0.1810377836227417,"Episode/metric_torque_utilization":0.11573266983032227,"Episode/metric_obstacle_avoid_rate":0,"Episode/rew_ang_vel_xy":-0.0033267512917518616,"Episode/rew_lin_vel_z":-0.009282182902097702,"Episode/track_num_lanes":1,"Perf/learning_time":0.16696977615356445,"Episode/metric_fall_rate":0,"Episode/rew_dof_pos_limits":-0.0080476189032197,"Episode/rew_hip_pos":-0.007901236414909363,"_timestamp":1.7741751196964664e+09,"Episode/metric_speed_mps":0.9775556325912476,"Episode/metric_finish_rate":0.9282102584838867,"Loss/surrogate":-0.003394897165708244,"Episode/rew_heading_alignment":0.2623942494392395,"Episode/rew_dof_acc":-0.00314510241150856,"Episode/semantic_boundary_ratio":0.008645481429994106,"Episode/rew_stalling":-0.21103575825691223,"Episode/metric_lane_violation_rate":0.000652439659461379,"Policy/mean_noise_std":0.08786547183990479,"Episode/rew_lateral_velocity":-0.006663949694484472,"Episode/rew_contact_no_vel":-0.005413505714386702,"Episode/metric_torque_violation_rate":0,"Episode/rew_collision":0,"Episode/track_lane_length":12,"Episode/metric_out_of_track_fail_rate":0.07178972661495209,"Episode/rew_lane_divergence":-0.0036959555000066757,"Episode/rew_base_height":-0.0005386464763432741,"Episode/metric_collision_rate":0,"Episode/rew_orientation":-0.0020246817730367184,"Episode/rew_dof_vel":-0.007317967712879181,"Episode/rew_track_progress":1.5445122718811035,"Episode/rew_lane_centering":0.07349448651075363,"Episode/rew_finish_bonus":0.06806876510381699,"Episode/track_lane_assignment_coverage":1,"Episode/rew_contact":0.05779123306274414,"Episode/rew_feet_swing_height":-0.002368994988501072,"_runtime":62.741832492,"Episode/rew_tracking_lin_vel":0.380185604095459,"Train/mean_reward":61.842857840061185,"Episode/rew_alive":0.005683514289557934,"Episode/rew_heading_error":-6.626742833759636e-05,"Loss/learning_rate":4.4444444444444447e-05,"Episode/rew_lane_offset":-0.061968058347702026,"Episode/rew_torques":-0.004754471592605114,"_wandb":{"runtime":62},"Train/mean_episode_length/time":273.67,"Train/mean_reward/time":61.842857840061185,"Episode/rew_action_rate":-0.004251452162861824,"Episode/rew_yaw_rate":-0.01715293526649475,"Episode/rew_overspeed":-0.08484475314617157,"Perf/total_fps":90088,"Train/iteration":299,"Episode/metric_success_rate":0.9282102584838867}