{"Episode/rew_dof_vel":-0.00757613917812705,"Episode/track_num_lanes":1,"Episode/rew_tracking_lin_vel":0.3755171298980713,"_wandb":{"runtime":63},"Episode/rew_dof_acc":-0.003243164625018835,"Episode/rew_hip_pos":-0.008082885295152664,"Train/mean_episode_length/time":286.5,"Perf/collection time":0.9647195339202881,"Episode/rew_tracking_ang_vel":0.18123716115951538,"Episode/rew_orientation":-0.0020851693116128445,"Episode/metric_torque_violation_rate":0,"Episode/rew_stalling":-0.22268855571746826,"Train/iteration":249,"Perf/total_fps":86178,"Episode/metric_finish_rate":0.9004611968994141,"Episode/rew_finish_bonus":0.06603383272886276,"Episode/rew_contact_no_vel":-0.006001969333738089,"Episode/rew_lane_offset":-0.0579712800681591,"Loss/learning_rate":2.2500000000000008e-05,"Episode/metric_torque_utilization":0.11575573682785034,"Episode/rew_feet_swing_height":-0.002444829326122999,"Episode/rew_track_progress":1.557141661643982,"Episode/rew_collision":0,"Loss/value_function":0.5671690225601196,"Episode/track_lane_length":12,"Episode/rew_overspeed":-0.08537596464157104,"Episode/rew_lin_vel_z":-0.009543953463435173,"_runtime":63.824673211,"Episode/rew_yaw_rate":-0.018115470185875893,"_timestamp":1.774174860806902e+09,"Episode/metric_out_of_track_fail_rate":0.09953875839710236,"Episode/rew_base_height":-0.0004830881371162832,"Episode/rew_heading_alignment":0.24568209052085876,"Episode/semantic_non_track_ratio":0.0006139613687992096,"Episode/rew_action_rate":-0.004348144866526127,"Episode/metric_obstacle_avoid_rate":0,"Episode/semantic_lane_ratio":0.9867061972618103,"Episode/metric_collision_rate":0,"Episode/rew_ang_vel_xy":-0.0034130788408219814,"Episode/rew_lane_centering":0.04026230797171593,"Train/mean_reward/time":63.21772100687027,"Episode/metric_fall_rate":0,"Episode/semantic_boundary_ratio":0.012679843232035637,"Episode/rew_alive":0.0057333679869771,"Episode/metric_success_rate":0.9004611968994141,"Train/mean_reward":63.21772100687027,"Episode/rew_heading_error":-6.787128950236365e-05,"Loss/surrogate":-0.003762240335345268,"Episode/rew_torques":-0.004779231268912554,"Perf/learning_time":0.17598676681518555,"Train/mean_episode_length":286.5,"Episode/rew_lane_divergence":-0.0031989281997084618,"Episode/metric_speed_mps":0.9796730279922485,"Episode/rew_contact":0.058441855013370514,"Episode/rew_lateral_velocity":-0.00631333515048027,"Policy/mean_noise_std":0.08855555951595306,"_step":249,"Episode/track_lane_assignment_coverage":1,"Episode/metric_lane_violation_rate":0.0006139613687992096,"Episode/rew_dof_pos_limits":-0.009095381945371628}