{"Loss/value_function":0.0037444050423800944,"Episode/rew_base_height":-0.0009104276541620493,"Episode/rew_feet_air_time":-0.0021169446408748627,"Loss/surrogate":-0.044896105863153936,"Train/mean_episode_length/time":36.93103448275862,"Episode/rew_tracking_ang_vel":0.002989352447912097,"Policy/mean_noise_std":0.8015274405479431,"Episode/rew_collision":0,"Episode/rew_tracking_lin_vel":0.0043645999394357204,"Train/mean_episode_length":36.93103448275862,"Perf/collection time":0.287841796875,"_wandb":{"runtime":5},"_step":1,"_timestamp":1.7702205293789265e+09,"Episode/rew_lin_vel_z":-0.004888924770057201,"Episode/rew_action_rate":-0.005273483693599701,"Train/mean_reward":0.021101663923814316,"_runtime":5.7907228459999995,"Perf/total_fps":1871,"Episode/rew_ang_vel_xy":-0.012038558721542358,"Perf/learning_time":0.12246251106262207,"Train/iteration":1,"Episode/rew_dof_acc":-0.009173169732093811,"Episode/rew_orientation":-0.00610564649105072,"Train/mean_reward/time":0.021101663923814316,"Loss/learning_rate":5.852766346593509e-05,"Episode/rew_torques":-0.0008808559505268931,"Episode/rew_dof_vel":-0.0017150153871625662}