{"Train/mean_episode_length/time":86.58,"_timestamp":1.7739012136384802e+09,"Episode/rew_ang_vel_xy":-0.00986318290233612,"Train/mean_reward/time":1.0177131596207618,"Loss/surrogate":-0.022206025198101997,"Episode/metric_obstacle_avoid_rate":0,"_wandb":{"runtime":653},"Episode/rew_dof_vel":-0.002442962024360895,"_runtime":653.588200464,"Train/mean_reward":1.0177131596207618,"Perf/learning_time":0.06435012817382812,"Episode/semantic_non_track_ratio":0.0364583358168602,"Train/mean_episode_length":86.58,"Episode/semantic_boundary_ratio":0.010416666977107525,"Episode/rew_termination":-0.0010000000474974513,"Episode/track_num_lanes":1,"Episode/metric_torque_violation_rate":0,"Episode/track_lane_length":12,"Perf/collection time":0.21635723114013672,"Episode/metric_lane_violation_rate":0.0364583358168602,"Perf/total_fps":2051,"Loss/learning_rate":1e-05,"Episode/metric_collision_rate":0,"Episode/track_lane_assignment_coverage":1,"Episode/rew_orientation":-0.0036443714052438736,"Episode/rew_dof_acc":-0.01574152149260044,"Episode/rew_stand_still":-0.013903933577239513,"Episode/rew_lin_vel_z":-0.005739238113164902,"Episode/metric_success_rate":0,"_step":2204,"Episode/rew_torques":-0.0023025376722216606,"Episode/metric_speed_mps":0.37907642126083374,"Loss/value_function":16.663135528564453,"Episode/rew_collision":0,"Episode/metric_torque_utilization":0.12276630103588104,"Episode/metric_fall_rate":1,"Episode/rew_tracking_lin_vel":0.03474564850330353,"Episode/rew_base_height":-0.0009722865070216358,"Episode/rew_lane_centering":0.06448017060756683,"Episode/rew_action_rate":-0.007989670149981976,"Train/iteration":2204,"Policy/mean_noise_std":0.7483603358268738,"Episode/semantic_lane_ratio":0.953125}