{"Policy/mean_noise_std":0.9744738936424255,"_step":738,"Perf/total_fps":1790,"Train/mean_episode_length/time":442.44,"Train/mean_reward":0.19200287841260433,"Episode/rew_torques":-0.0724182054400444,"Episode/semantic_non_track_ratio":0.20558881759643555,"Episode/semantic_lane_ratio":0.7305389642715454,"Perf/collection time":0.2598285675048828,"Train/mean_reward/time":0.19200287841260433,"Train/iteration":738,"Episode/metric_obstacle_avoid_rate":0,"Episode/metric_success_rate":1,"Loss/surrogate":-0.00458151325583458,"Loss/value_function":40.22845137044787,"Episode/rew_action_rate":-0.45799121260643005,"Episode/metric_fall_rate":0,"Episode/rew_base_height":-0.9034354090690613,"Episode/track_lane_length":12,"Episode/metric_lane_violation_rate":0.20558881759643555,"Episode/rew_dof_vel":-0.03735371679067612,"Episode/rew_lin_vel_z":-0.0848318561911583,"Episode/metric_torque_violation_rate":0,"Episode/rew_tracking_lin_vel":0.4218115210533142,"Episode/metric_torque_utilization":0.15013554692268372,"Perf/learning_time":0.0619196891784668,"Train/mean_episode_length":442.44,"Episode/rew_termination":0,"Episode/metric_collision_rate":0.1986027956008911,"Episode/rew_orientation":-0.4800446927547455,"Episode/rew_dof_acc":-0.24375341832637787,"Episode/rew_feet_air_time":-0.039109986275434494,"Loss/learning_rate":2.2500000000000008e-05,"Episode/track_num_lanes":1,"Episode/rew_collision":-0.20099985599517822,"Episode/rew_ang_vel_xy":-0.11227016896009445,"Episode/rew_lane_centering":0.5364601016044617,"_wandb":{"runtime":229},"Episode/metric_speed_mps":0.19905893504619598,"Episode/track_lane_assignment_coverage":1,"_timestamp":1.773895627471529e+09,"_runtime":229.886562584,"Episode/semantic_boundary_ratio":0.06387226283550262}