{"Episode/rew_tracking_ang_vel":0.45009422302246094,"Episode/rew_action_rate":-0.005475017242133617,"Episode/rew_lane_divergence":-0.0030289143323898315,"_step":49,"Episode/rew_yaw_rate":-0.015019670128822327,"Episode/rew_base_height":-0.0001842451747506857,"Loss/surrogate":0.0009504166453552898,"Episode/rew_torques":-0.006584011018276215,"_runtime":63.707423247,"Train/mean_episode_length":632.01,"Episode/semantic_boundary_ratio":0,"Episode/rew_feet_swing_height":-0.0035036858171224594,"Policy/mean_noise_std":0.09875193238258362,"Loss/value_function":0.07979993335902691,"Loss/learning_rate":6.666666666666667e-05,"Episode/metric_torque_violation_rate":0,"Episode/rew_track_progress":1.0637692213058472,"Episode/metric_collision_rate":0,"Episode/rew_lin_vel_z":-0.008054192177951336,"Episode/metric_speed_mps":0.4574933648109436,"Episode/rew_ang_vel_xy":-0.0035458002239465714,"Episode/rew_lane_centering":0.1009054034948349,"Episode/rew_stalling":-0.08141730725765228,"Episode/rew_dof_acc":-0.0032400810159742832,"Episode/rew_orientation":-0.002077764365822077,"_timestamp":1.7741740581073225e+09,"Train/mean_reward":72.38882328033448,"Train/mean_reward/time":72.38882328033448,"Episode/metric_success_rate":1,"_wandb":{"runtime":63},"Episode/rew_dof_vel":-0.007418689783662558,"Episode/track_lane_length":12,"Episode/rew_heading_error":-0.00018107451614923775,"Train/mean_episode_length/time":632.01,"Episode/rew_alive":0.012642577290534973,"Perf/collection time":0.9785432815551758,"Episode/metric_finish_rate":1,"Episode/rew_contact_no_vel":-0.0038808153476566076,"Episode/metric_lane_violation_rate":0,"Episode/rew_dof_pos_limits":-0.02364928647875786,"Episode/rew_overspeed":-0.045085471123456955,"Episode/rew_heading_alignment":0.5419339537620544,"Episode/rew_finish_bonus":0.046666666865348816,"Episode/rew_collision":0,"Perf/total_fps":85757,"Episode/rew_lane_offset":-0.02921067737042904,"Episode/semantic_lane_ratio":1,"Episode/rew_tracking_lin_vel":0.3114129900932312,"Episode/rew_lateral_velocity":-0.004502247553318739,"Train/iteration":49,"Episode/rew_contact":0.1414097547531128,"Perf/learning_time":0.16775870323181152,"Episode/rew_hip_pos":-0.016779743134975433,"Episode/metric_torque_utilization":0.08991750329732895,"Episode/track_num_lanes":1,"Episode/metric_fall_rate":0,"Episode/track_lane_assignment_coverage":1,"Episode/metric_obstacle_avoid_rate":0,"Episode/metric_out_of_track_fail_rate":0,"Episode/semantic_non_track_ratio":0}