{"_step":19,"Train/mean_episode_length":30.18,"Perf/total_fps":1957,"Train/mean_reward":0.009049306045926641,"Episode/rew_lin_vel_z":-0.0037272516638040543,"Episode/rew_tracking_ang_vel":0.0023888114374130964,"Episode/rew_dof_acc":-0.010439656674861908,"Perf/learning_time":0.12028264999389648,"Train/mean_episode_length/time":30.18,"_wandb":{"runtime":13},"Episode/rew_feet_air_time":-0.001791111077181995,"_runtime":13.11723592,"Episode/rew_ang_vel_xy":-0.0112349484115839,"Episode/rew_action_rate":-0.005289573222398758,"Loss/value_function":0.00012312552935327402,"Episode/rew_orientation":-0.005600644275546074,"Episode/rew_base_height":-0.0008593210950493813,"Episode/rew_dof_vel":-0.001915582688525319,"Perf/collection time":0.27208471298217773,"Episode/rew_tracking_lin_vel":0.0016107092378661036,"Episode/rew_torques":-0.0008489374304190278,"Train/mean_reward/time":0.009049306045926641,"Loss/surrogate":-0.036304391687735915,"Policy/mean_noise_std":0.8501831293106079,"_timestamp":1.7702213351467443e+09,"Train/iteration":19,"Episode/rew_collision":-0.0002083333529299125,"Loss/learning_rate":5.852766346593509e-05}