{"Episode/rew_lane_offset":-0.03517403453588486,"Episode/rew_lane_centering":0.04655461013317108,"Episode/track_lane_assignment_coverage":1,"Episode/rew_lane_boundary":-0.027046021074056625,"Episode/metric_success_rate":0.0020833334419876337,"Episode/metric_collision_rate":0,"Episode/metric_obstacle_avoid_rate":0,"Train/mean_reward":-1.9974190390110016,"Episode/rew_yaw_rate":-1.860575556755066,"Episode/rew_termination":-0.09979166835546494,"Episode/metric_speed_mps":0.6479045152664185,"Episode/rew_dof_pos_limits":-0.016764285042881966,"Episode/rew_stand_still":0,"Train/mean_reward/time":-1.9974190390110016,"Episode/metric_fall_rate":0.9979166984558105,"Episode/rew_collision":0,"Episode/rew_tracking_lin_vel":0.038504865020513535,"Episode/track_num_lanes":1,"Train/mean_episode_length/time":200.58,"_step":558,"_timestamp":1.7740006363777845e+09,"Episode/rew_tracking_ang_vel":0.00337564991787076,"Loss/learning_rate":0.00026012294873748907,"Episode/metric_lane_violation_rate":0.06509295850992203,"Episode/metric_finish_rate":0,"Perf/collection time":0.9478731155395508,"Episode/metric_torque_violation_rate":0,"Episode/semantic_lane_ratio":0.9034419059753418,"Perf/learning_time":0.17823457717895508,"_runtime":629.850694361,"Episode/rew_lin_vel_z":-0.08679857105016708,"Loss/value_function":0.042581973038613795,"Train/mean_episode_length":200.58,"Episode/rew_ang_vel_xy":-0.20239095389842987,"Train/iteration":558,"Episode/semantic_boundary_ratio":0.03146517276763916,"Episode/rew_track_progress":0.12480543553829193,"Episode/semantic_non_track_ratio":0.06509295850992203,"Episode/rew_orientation":-0.01987646520137787,"Episode/rew_dof_acc":-0.39950281381607056,"Episode/rew_heading_alignment":0.09119611233472824,"Episode/rew_lateral_velocity":-0.050338566303253174,"Episode/rew_dof_vel":-0.06092130392789841,"Episode/metric_torque_utilization":0.43646830320358276,"Loss/surrogate":-0.01625530209275894,"Episode/track_lane_length":4096,"Episode/rew_torques":-0.062465451657772064,"Perf/total_fps":87295,"_wandb":{"runtime":629},"Episode/rew_base_height":-0.0010739949066191912,"Episode/rew_action_rate":-0.40148234367370605,"Policy/mean_noise_std":3.1328301429748535,"Episode/rew_feet_air_time":-0.0031984206289052963}