{"Loss/learning_rate":1.0000000000000004e-05,"Train/mean_reward":27.329912424087524,"Episode/rew_termination":0,"_step":609,"Episode/metric_torque_utilization":0.10276516526937485,"Episode/semantic_boundary_ratio":0.03551923856139183,"Episode/rew_action_rate":-0.059882886707782745,"Episode/metric_success_rate":1,"Episode/rew_dof_acc":-0.08561255037784576,"Episode/rew_ang_vel_xy":-0.030594822019338608,"Episode/metric_fall_rate":0,"Episode/rew_lane_centering":0.7838314771652222,"Episode/rew_stand_still":-0.07163291424512863,"Train/iteration":609,"Episode/metric_speed_mps":0.10039083659648895,"Episode/track_lane_assignment_coverage":1,"Episode/rew_collision":0,"Episode/metric_lane_violation_rate":0.027999557554721832,"Perf/total_fps":51721,"Episode/metric_collision_rate":0,"Loss/value_function":0.011733456118963658,"Episode/rew_tracking_lin_vel":0.8959510326385498,"Perf/learning_time":0.08794522285461426,"Episode/metric_obstacle_avoid_rate":0,"Loss/surrogate":-0.0022517784498631956,"Train/mean_episode_length/time":994.84,"Perf/collection time":0.38721561431884766,"Episode/rew_torques":-0.016636064276099205,"Episode/rew_orientation":-0.0011960571864619851,"Policy/mean_noise_std":0.6216465830802917,"_timestamp":1.7739015920730493e+09,"Episode/track_lane_length":512,"Episode/semantic_lane_ratio":0.936481237411499,"Episode/rew_base_height":-7.855030708014965e-05,"_wandb":{"runtime":298},"_runtime":298.00316085,"Episode/rew_dof_vel":-0.013438845984637737,"Episode/metric_torque_violation_rate":0,"Episode/rew_lin_vel_z":-0.020049642771482468,"Episode/semantic_non_track_ratio":0.027999557554721832,"Episode/track_num_lanes":1,"Train/mean_episode_length":994.84,"Train/mean_reward/time":27.329912424087524}