{"Episode/track_lane_assignment_coverage":1,"Train/mean_reward/time":40.7399537563324,"Episode/metric_fall_rate":1,"Episode/rew_lin_vel_z":-0.008933098055422306,"Episode/rew_base_height":-4.0658524085301906e-05,"Policy/mean_noise_std":0.08985240757465363,"Episode/metric_finish_rate":0,"_runtime":393.544741694,"Episode/rew_lane_offset":-0.013231299817562103,"Episode/rew_tracking_ang_vel":0.17536942660808563,"Episode/metric_torque_violation_rate":0,"Train/iteration":363,"Episode/rew_dof_pos_limits":-0.0006266155978664756,"Episode/metric_success_rate":0,"Episode/rew_collision":0,"Episode/semantic_lane_ratio":1,"Episode/track_lane_length":12,"Train/mean_episode_length/time":993.96,"Episode/rew_termination":-0.0008333333535119891,"Loss/value_function":0.004686363856308162,"Episode/semantic_non_track_ratio":0,"Episode/rew_tracking_lin_vel":0.866330623626709,"Episode/metric_speed_mps":0.3139813542366028,"Episode/rew_dof_acc":-0.006753375753760338,"Episode/metric_lane_violation_rate":0,"Episode/rew_lane_centering":0.287425696849823,"Episode/rew_dof_vel":-0.005257016979157925,"Episode/track_num_lanes":1,"Perf/collection time":0.8657784461975098,"Episode/rew_lane_boundary":0,"Episode/rew_action_rate":-0.0033426235895603895,"Perf/total_fps":95884,"_timestamp":1.7740200037164428e+09,"Episode/rew_orientation":-0.01249556802213192,"_wandb":{"runtime":393},"Episode/rew_torques":-0.008580520749092102,"Episode/rew_lateral_velocity":-0.0070495642721652985,"Episode/metric_collision_rate":0,"Train/mean_episode_length":993.96,"Episode/rew_stand_still":0,"Train/mean_reward":40.7399537563324,"Episode/rew_yaw_rate":-0.010373877361416817,"Episode/rew_finish_bonus":0,"Perf/learning_time":0.1594545841217041,"Episode/metric_obstacle_avoid_rate":0,"Episode/semantic_boundary_ratio":0,"Episode/rew_ang_vel_xy":-0.16021586954593658,"Loss/surrogate":0.0004403116530738771,"Episode/rew_feet_air_time":-0.00010258691327180713,"Episode/rew_track_progress":0.1782262772321701,"Loss/learning_rate":0.00011561019943888411,"Episode/metric_torque_utilization":0.08088943362236023,"Episode/rew_heading_alignment":0.7530695199966431,"_step":363}