{"Episode/rew_lateral_velocity":-0.006513449363410473,"Episode/rew_lane_offset":-0.12158873677253723,"Episode/rew_action_rate":-0.0650145560503006,"Episode/metric_torque_utilization":0.11852394044399261,"Train/mean_episode_length/time":667.39,"Loss/learning_rate":0.0006666666666666669,"Episode/semantic_non_track_ratio":0,"Perf/learning_time":0.16843461990356445,"Episode/rew_torques":-0.01377407368272543,"Episode/metric_success_rate":0.5064980387687683,"Episode/rew_alive":0.10117274522781372,"Episode/rew_finish_bonus":0.015194940380752087,"Episode/rew_lane_centering":0.27422600984573364,"Train/mean_reward/time":40.28435200214386,"Episode/rew_heading_error":-0.0021643503569066525,"_step":113,"Episode/rew_dof_acc":-0.03350716084241867,"Episode/track_lane_length":6,"Episode/rew_hip_pos":-0.013371644541621208,"_timestamp":1.7741684612939441e+09,"_runtime":138.748409434,"Episode/metric_speed_mps":0.20053541660308838,"Loss/value_function":0.15368641763925553,"Train/mean_episode_length":667.39,"Train/mean_reward":40.28435200214386,"Train/iteration":113,"Episode/rew_contact":0.1463586688041687,"Episode/semantic_boundary_ratio":0.013308336958289146,"Episode/track_lane_assignment_coverage":1,"Episode/rew_orientation":-0.003787403926253319,"Episode/metric_out_of_track_fail_rate":0.39611443877220154,"Episode/metric_fall_rate":0,"Episode/rew_base_height":-0.000615488039329648,"Episode/rew_tracking_lin_vel":0.5775989890098572,"Episode/rew_heading_alignment":0.7831578254699707,"Episode/rew_yaw_rate":-0.07858656346797943,"Episode/semantic_lane_ratio":0.9866916537284851,"Episode/rew_feet_swing_height":-0.004377439618110657,"Episode/metric_lane_violation_rate":0,"Episode/track_num_lanes":1,"Episode/rew_contact_no_vel":-0.013497813604772091,"Episode/metric_collision_rate":0,"Policy/mean_noise_std":0.435807466506958,"Episode/rew_dof_vel":-0.02906087040901184,"Episode/rew_collision":0,"Episode/rew_ang_vel_xy":-0.014334130100905895,"Episode/metric_obstacle_avoid_rate":0,"Episode/metric_torque_violation_rate":0,"Episode/rew_dof_pos_limits":-0.010080231353640556,"Episode/rew_tracking_ang_vel":0.5525139570236206,"Episode/rew_lin_vel_z":-0.015790825709700584,"Loss/surrogate":-0.006927867885679007,"_wandb":{"runtime":138},"Perf/total_fps":89015,"Episode/metric_finish_rate":0.5064980387687683,"Perf/collection time":0.935908317565918}