{"Episode/rew_base_height":-0.004442480858415365,"Episode/metric_lane_violation_rate":0.023316390812397003,"_runtime":10827.145635894,"Episode/rew_lateral_velocity":-0.005264780484139919,"Train/mean_episode_length/time":66.4,"Episode/rew_action_rate":-0.0276467464864254,"Episode/semantic_boundary_ratio":0.01580594852566719,"_step":9999,"Train/iteration":9999,"Episode/track_num_lanes":1,"Perf/total_fps":93927,"Episode/rew_heading_alignment":0.05152204632759094,"Episode/rew_tracking_lin_vel":0.006600816734135151,"Episode/metric_obstacle_avoid_rate":0,"Episode/metric_success_rate":0.8750380277633667,"_wandb":{"runtime":10827},"Loss/surrogate":-0.0053175704320892695,"Episode/metric_finish_rate":0.8750380277633667,"Episode/rew_stand_still":0,"Episode/rew_dof_acc":-0.027570560574531555,"Episode/track_lane_assignment_coverage":1,"Loss/learning_rate":0.00038443359375000017,"Loss/value_function":2.806032931804657,"Episode/rew_torques":-0.019600342959165573,"Episode/rew_lane_boundary":-0.003189662005752325,"Perf/learning_time":0.19377660751342773,"Episode/rew_track_progress":0.5714226365089417,"Episode/rew_dof_pos_limits":-0.011476954445242882,"Episode/rew_termination":-0.003748859278857708,"Episode/semantic_non_track_ratio":0.023316390812397003,"Episode/rew_yaw_rate":-0.08938103914260864,"Episode/track_lane_length":12,"_timestamp":1.7740115125137875e+09,"Episode/rew_dof_vel":-0.011989369988441467,"Episode/metric_fall_rate":0.1249619722366333,"Episode/rew_feet_air_time":-0.0004529980360530317,"Perf/collection time":0.8528127670288086,"Episode/rew_collision":-2.8109220693295356e-06,"Episode/rew_ang_vel_xy":-0.030679186806082726,"Episode/metric_torque_utilization":0.4838184714317322,"Episode/semantic_lane_ratio":0.9608776569366455,"Episode/rew_orientation":-0.002123129554092884,"Episode/metric_torque_violation_rate":0,"Policy/mean_noise_std":0.6425484418869019,"Episode/rew_lane_offset":-0.006608989089727402,"Episode/rew_tracking_ang_vel":0.003275687573477626,"Train/mean_reward/time":9.481228325366974,"Episode/metric_collision_rate":8.593210077378899e-05,"Train/mean_reward":9.481228325366974,"Episode/rew_lane_centering":0.015843456611037254,"Train/mean_episode_length":66.4,"Episode/rew_lin_vel_z":-0.06407210975885391,"Episode/metric_speed_mps":4.265896320343018}