{"Perf/total_fps":88203,"Episode/track_lane_length":2048,"Episode/rew_lane_boundary":-0.009640595875680447,"Episode/rew_lane_offset":-0.010611276142299175,"Episode/metric_torque_utilization":0.299114465713501,"Episode/rew_base_height":-0.0009231501026079059,"Episode/metric_fall_rate":0.9813048243522644,"Episode/rew_dof_vel":-0.020853905007243156,"Episode/metric_success_rate":0.018695197999477386,"Loss/surrogate":-0.009650613879784942,"Episode/rew_lin_vel_z":-0.04234111309051514,"Episode/semantic_lane_ratio":0.8982765078544617,"Episode/rew_dof_acc":-0.08895467221736908,"Episode/semantic_non_track_ratio":0.06755175441503525,"Loss/value_function":0.08201063200831413,"Train/mean_reward/time":3.1594874185323714,"Loss/learning_rate":0.0019753086419753074,"Train/mean_reward":3.1594874185323714,"_timestamp":1.773986653095077e+09,"Episode/rew_torques":-0.02515861950814724,"Train/iteration":1029,"Episode/rew_stand_still":0,"Train/mean_episode_length/time":200.98,"Policy/mean_noise_std":1.464470624923706,"Episode/rew_ang_vel_xy":-0.12520873546600342,"Episode/metric_speed_mps":0.820489764213562,"Episode/semantic_boundary_ratio":0.03417181223630905,"_step":1029,"Episode/rew_termination":-0.000981304794549942,"Train/mean_episode_length":200.98,"_runtime":1127.624313022,"Episode/rew_tracking_ang_vel":-0.002494832966476679,"Episode/rew_feet_air_time":-0.004892589524388313,"Episode/metric_torque_violation_rate":0,"Episode/metric_obstacle_avoid_rate":0,"Perf/learning_time":0.16768717765808105,"Episode/track_num_lanes":1,"Episode/track_lane_assignment_coverage":1,"Episode/rew_collision":0,"Episode/metric_collision_rate":0,"Episode/rew_orientation":-0.008287190459668636,"Episode/rew_tracking_lin_vel":0.2829921841621399,"Episode/rew_action_rate":-0.07904859632253647,"Perf/collection time":0.9468271732330322,"Episode/rew_lane_centering":0.13877801597118378,"_wandb":{"runtime":1127},"Episode/metric_lane_violation_rate":0.06755175441503525}