{"Episode/track_num_lanes":1,"Perf/collection time":0.8928623199462891,"Policy/mean_noise_std":2.954284429550171,"Episode/rew_torques":-0.09301107376813889,"_wandb":{"runtime":898},"Episode/rew_collision":-0.0008974263328127563,"Episode/rew_termination":-0.0019718254916369915,"Episode/track_lane_length":2048,"Episode/semantic_boundary_ratio":0.01642356999218464,"Perf/total_fps":92184,"Train/mean_episode_length":297.99,"Episode/rew_tracking_lin_vel":0.06312542408704758,"Episode/rew_stand_still":-0.014532938599586487,"Episode/metric_torque_violation_rate":0,"Episode/metric_fall_rate":0.9859127402305603,"Loss/learning_rate":0.0013168724279835385,"Loss/value_function":0.00010942702465399634,"Train/mean_episode_length/time":297.99,"Episode/rew_ang_vel_xy":-0.39173978567123413,"Loss/surrogate":-0.01516738694626838,"Episode/rew_orientation":-0.024844210594892502,"Episode/semantic_lane_ratio":0.4889923930168152,"Episode/metric_obstacle_avoid_rate":0,"Episode/track_lane_assignment_coverage":1,"_runtime":898.682963806,"_step":844,"Train/mean_reward/time":-0.037742956299334766,"Episode/metric_torque_utilization":0.4241703450679779,"Episode/rew_dof_pos_limits":-0.031984418630599976,"Episode/rew_tracking_ang_vel":0.01181306317448616,"Perf/learning_time":0.1735217571258545,"Episode/metric_success_rate":0.01408730261027813,"Episode/rew_lin_vel_z":-0.13382813334465027,"Episode/semantic_non_track_ratio":0.4945841431617737,"Episode/rew_feet_air_time":-0.0016085372772067785,"Episode/rew_dof_vel":-0.11057566106319427,"Episode/metric_lane_violation_rate":0.4945841431617737,"Train/iteration":844,"_timestamp":1.7741584060724397e+09,"Episode/metric_speed_mps":0.7104699611663818,"Episode/rew_base_height":-0.00921067874878645,"Train/mean_reward":-0.037742956299334766,"Episode/rew_dof_acc":-0.5242395997047424,"Episode/metric_collision_rate":0.008017546497285366,"Episode/rew_action_rate":-0.9263982772827148,"Episode/rew_lane_centering":0.10820075124502182}