{"Episode/rew_lane_centering":0.08757056295871735,"_step":850,"Train/mean_reward":0.2964716448879335,"Episode/semantic_boundary_ratio":0.019008463248610497,"Episode/metric_speed_mps":1.2475136518478394,"Episode/metric_torque_utilization":0.28071993589401245,"Train/iteration":850,"Episode/rew_contact":0.05648728460073471,"Episode/rew_contact_no_vel":-0.08077128976583481,"Episode/rew_ang_vel_xy":-0.09182575345039368,"Episode/metric_obstacle_avoid_rate":0,"Episode/metric_torque_violation_rate":0,"Perf/total_fps":87553,"Episode/metric_collision_rate":0.0005304910009726882,"_runtime":930.614759426,"Episode/rew_hip_pos":-0.05791169032454491,"Policy/mean_noise_std":1.3959147930145264,"Episode/rew_feet_swing_height":-0.05815817043185234,"Perf/learning_time":0.16084074974060059,"Episode/rew_dof_vel":-0.17273709177970886,"Episode/semantic_non_track_ratio":0.5849683284759521,"_timestamp":1.7741639841172748e+09,"Episode/rew_dof_acc":-0.18316981196403503,"Episode/track_lane_assignment_coverage":1,"Episode/rew_alive":0.04682417958974838,"Episode/track_num_lanes":1,"Episode/rew_orientation":-0.023885440081357956,"Episode/track_lane_length":2048,"Episode/rew_heading_alignment":0.12299399077892303,"Train/mean_reward/time":0.2964716448879335,"Episode/rew_lin_vel_z":-0.153581440448761,"Episode/rew_action_rate":-0.2544711232185364,"Episode/rew_base_height":-0.008430587127804756,"Train/mean_episode_length/time":307.62,"Loss/learning_rate":0.0005852766346593504,"Episode/rew_lateral_velocity":-0.11853630840778351,"Episode/rew_dof_pos_limits":-0.0657135546207428,"Episode/semantic_lane_ratio":0.3960232734680176,"Episode/rew_tracking_lin_vel":0.0463629886507988,"Episode/metric_success_rate":0.01827773079276085,"Episode/metric_fall_rate":0.9817222952842712,"Train/mean_episode_length":307.62,"Episode/rew_torques":-0.04098664969205856,"Episode/rew_tracking_ang_vel":0.04572780057787895,"Episode/rew_collision":-1.6387964933528565e-05,"Episode/rew_lane_offset":-2.2420382499694824,"Perf/collection time":0.9619464874267578,"_wandb":{"runtime":930},"Episode/metric_lane_violation_rate":0.5849683284759521,"Loss/value_function":0.039118625596165656,"Loss/surrogate":-0.013943904269672203}