{"Episode/rew_dof_pos_limits":-0.015254028141498566,"Episode/metric_speed_mps":0.7762410640716553,"Episode/rew_hip_pos":-0.016483169049024582,"Episode/rew_dof_vel":-0.04437098652124405,"Episode/metric_obstacle_avoid_rate":0,"Episode/metric_success_rate":0.14448028802871704,"Episode/rew_heading_alignment":0.6824458837509155,"Episode/semantic_non_track_ratio":0.49605077505111694,"Loss/value_function":0.5366781011223793,"Episode/rew_feet_swing_height":-0.012686165980994701,"_runtime":295.756413859,"Episode/rew_base_height":-0.00784678291529417,"Episode/metric_torque_utilization":0.14585842192173004,"Episode/rew_lane_offset":-0.9723809957504272,"Loss/learning_rate":0.0006666666666666669,"Episode/metric_collision_rate":1.5593463103869e-05,"Perf/total_fps":86204,"Episode/rew_yaw_rate":-0.07029302418231964,"Episode/semantic_boundary_ratio":0.01231183111667633,"Loss/surrogate":-0.0002873912075301632,"_timestamp":1.774167953892119e+09,"Train/mean_reward":25.061345982551575,"Episode/rew_collision":-1.398601398250321e-06,"Train/mean_episode_length/time":596.98,"Train/iteration":249,"Episode/rew_lateral_velocity":-0.03374481946229935,"Episode/track_num_lanes":1,"Episode/rew_lane_centering":0.1741527020931244,"Episode/rew_heading_error":-0.006272237282246351,"Episode/metric_fall_rate":0.8555197715759277,"Episode/rew_torques":-0.019049223512411118,"Episode/track_lane_length":6,"Policy/mean_noise_std":0.2978193163871765,"Episode/rew_dof_acc":-0.03714767470955849,"Perf/learning_time":0.1814582347869873,"Episode/rew_ang_vel_xy":-0.021607277914881706,"Episode/rew_action_rate":-0.06874418258666992,"Episode/rew_tracking_ang_vel":0.5308655500411987,"Episode/rew_tracking_lin_vel":0.3382744789123535,"Episode/rew_orientation":-0.014456718228757381,"Episode/rew_contact":0.12650898098945618,"Episode/track_lane_assignment_coverage":1,"Episode/rew_alive":0.09001629054546356,"_wandb":{"runtime":295},"Train/mean_episode_length":596.98,"_step":249,"Episode/metric_torque_violation_rate":0,"Episode/metric_lane_violation_rate":0.49605077505111694,"Episode/rew_lin_vel_z":-0.052212201058864594,"Episode/semantic_lane_ratio":0.4916374087333679,"Train/mean_reward/time":25.061345982551575,"Perf/collection time":0.9589009284973145,"Episode/rew_contact_no_vel":-0.035838499665260315}