{"Episode/rew_orientation":-0.013737218454480171,"Episode/semantic_boundary_ratio":0,"Perf/learning_time":0.16035246849060059,"Episode/rew_stand_still":0,"Episode/metric_collision_rate":0,"_runtime":1512.964757329,"Episode/rew_base_height":-2.6702036848291755e-05,"Episode/rew_heading_alignment":0.6545742750167847,"Train/mean_episode_length/time":1002,"Episode/rew_feet_air_time":-0.0002413174806861207,"Episode/rew_ang_vel_xy":-0.22265025973320007,"Episode/rew_track_progress":0.19877740740776062,"Episode/rew_lane_centering":0.29118573665618896,"Episode/metric_speed_mps":0.3805462718009949,"Episode/semantic_lane_ratio":1,"Train/mean_reward/time":39.3643168258667,"Episode/rew_collision":0,"Perf/total_fps":93723,"Episode/metric_torque_utilization":0.07537001371383667,"Episode/rew_lateral_velocity":-0.020492812618613243,"Episode/rew_action_rate":-0.003144061891362071,"Episode/rew_lane_offset":-0.012698918581008911,"Episode/track_num_lanes":1,"Episode/rew_lin_vel_z":-0.012340079061686993,"Episode/rew_tracking_ang_vel":0.18281464278697968,"Episode/track_lane_length":12,"Episode/metric_success_rate":1,"Episode/metric_torque_violation_rate":0,"Episode/metric_lane_violation_rate":0,"Episode/semantic_non_track_ratio":0,"Perf/collection time":0.8885254859924316,"Episode/metric_obstacle_avoid_rate":0,"Episode/rew_dof_pos_limits":-0.0005718984175473452,"Loss/surrogate":0.002425709708040813,"_timestamp":1.7740185574081817e+09,"Episode/rew_finish_bonus":0,"_step":1429,"Train/mean_reward":39.3643168258667,"_wandb":{"runtime":1512},"Episode/rew_yaw_rate":-0.007972098886966705,"Episode/metric_fall_rate":0,"Episode/metric_finish_rate":0,"Episode/track_lane_assignment_coverage":1,"Train/mean_episode_length":1002,"Episode/rew_torques":-0.008385805413126945,"Loss/learning_rate":2.2500000000000005e-05,"Episode/rew_dof_acc":-0.009268554858863354,"Episode/rew_dof_vel":-0.007561045698821545,"Policy/mean_noise_std":0.02268342673778534,"Episode/rew_tracking_lin_vel":0.9221580028533936,"Train/iteration":1429,"Loss/value_function":0.003942464792635292,"Episode/rew_lane_boundary":0,"Episode/rew_termination":0}