{"Episode/metric_obstacle_avoid_rate":0,"_runtime":699.265160981,"Episode/metric_torque_utilization":0.07673358917236328,"Episode/rew_finish_bonus":0,"Episode/rew_tracking_lin_vel":0.05075792223215103,"Train/mean_episode_length/time":90.63,"Episode/rew_yaw_rate":-0.004203887190669775,"Episode/rew_heading_alignment":0.07136286795139313,"Episode/semantic_lane_ratio":0.955671489238739,"Loss/learning_rate":0.0005852766346593504,"Episode/semantic_non_track_ratio":0.0289625134319067,"Episode/metric_collision_rate":0,"Episode/rew_action_rate":-0.0002956530952360481,"_wandb":{"runtime":699},"Episode/rew_dof_acc":-0.0009572456474415958,"Perf/total_fps":91678,"Episode/rew_orientation":-0.005267280153930187,"Episode/rew_lane_offset":-0.006477280519902706,"Episode/rew_lateral_velocity":-0.006048144306987524,"Train/mean_reward":1.5087433540821076,"Episode/metric_torque_violation_rate":0,"Episode/metric_finish_rate":0,"Episode/rew_tracking_ang_vel":0.012023716233670712,"Train/mean_reward/time":1.5087433540821076,"Episode/rew_termination":-0.06000000238418579,"Episode/rew_dof_pos_limits":-0.0005309226689860225,"Episode/rew_lane_centering":0.023242570459842682,"Episode/metric_speed_mps":0.2948378026485443,"_step":648,"Episode/rew_lane_boundary":-0.004204387776553631,"Episode/rew_collision":0,"Perf/collection time":0.8891236782073975,"Episode/rew_ang_vel_xy":-0.014850604347884655,"Loss/surrogate":0.0018666123505681753,"Episode/rew_track_progress":0.017394771799445152,"Episode/track_lane_length":12,"Episode/rew_base_height":-0.000507352058775723,"Policy/mean_noise_std":0.09185638278722763,"Episode/rew_torques":-0.000919938669539988,"Episode/rew_feet_air_time":-0.00020167510956525803,"_timestamp":1.7740195441964555e+09,"Episode/semantic_boundary_ratio":0.015366042964160442,"Episode/metric_lane_violation_rate":0.0289625134319067,"Loss/value_function":0.09683292172849178,"Episode/track_lane_assignment_coverage":1,"Perf/learning_time":0.18314051628112793,"Episode/track_num_lanes":1,"Episode/rew_stand_still":0,"Episode/metric_fall_rate":1,"Episode/rew_dof_vel":-0.0004861987545154989,"Episode/rew_timeout_fail":0,"Episode/metric_success_rate":0,"Train/iteration":648,"Episode/rew_lin_vel_z":-0.0026798411272466183,"Train/mean_episode_length":90.63}