{"Episode/track_num_lanes":1,"Episode/metric_speed_mps":0.5431017279624939,"Episode/metric_torque_utilization":0.25450584292411804,"Episode/rew_yaw_rate":-2.1711173057556152,"Episode/rew_collision":-4.652777988667367e-06,"Episode/metric_torque_violation_rate":0,"Episode/rew_torques":-0.07724519073963165,"Episode/metric_fall_rate":0.5533730387687683,"Episode/metric_lane_violation_rate":0.5302597284317017,"Episode/rew_lane_centering":0.1273592710494995,"Train/mean_episode_length":737.65,"Episode/rew_orientation":-0.017226431518793106,"Loss/value_function":0.18623508438467978,"_wandb":{"runtime":944},"Episode/rew_contact":0.12662754952907562,"Episode/metric_success_rate":0.4466269910335541,"Perf/collection time":0.999561071395874,"Episode/metric_collision_rate":0.00017079697863664478,"Episode/rew_contact_no_vel":-0.10680001229047775,"Episode/rew_feet_swing_height":-0.02350054308772087,"Episode/rew_heading_alignment":0.5097558498382568,"Episode/rew_action_rate":-0.6780292987823486,"Episode/rew_tracking_lin_vel":0.22072148323059082,"Episode/rew_dof_vel":-0.3611915707588196,"Episode/rew_lin_vel_z":-0.14148101210594177,"Episode/rew_base_height":-0.010117336176335812,"Episode/rew_dof_acc":-0.455108642578125,"Episode/rew_heading_error":-0.40669870376586914,"_runtime":944.93647382,"Episode/rew_tracking_ang_vel":0.16828575730323792,"Train/iteration":799,"Loss/surrogate":-0.014385877863969655,"Episode/semantic_non_track_ratio":0.5302597284317017,"Episode/semantic_lane_ratio":0.4448174834251404,"Train/mean_episode_length/time":737.65,"Episode/rew_hip_pos":-0.13761329650878906,"Episode/track_lane_assignment_coverage":1,"Episode/semantic_boundary_ratio":0.024922829121351242,"Episode/rew_lane_offset":-3.0814414024353027,"Loss/learning_rate":0.0008779149519890255,"_step":799,"Policy/mean_noise_std":1.6233561038970947,"_timestamp":1.7741671692757666e+09,"Episode/metric_obstacle_avoid_rate":0,"Perf/learning_time":0.18004083633422852,"Episode/rew_dof_pos_limits":-0.20500004291534424,"Episode/rew_alive":0.10475708544254303,"Episode/track_lane_length":6,"Episode/rew_ang_vel_xy":-0.18012647330760956,"Train/mean_reward":0.5281551254936494,"Episode/rew_lateral_velocity":-0.1547672003507614,"Perf/total_fps":83336,"Train/mean_reward/time":0.5281551254936494}