{"Perf/collection time":0.4002830982208252,"Train/mean_reward/time":31.47898741722107,"Train/mean_episode_length":967.53,"Episode/metric_torque_violation_rate":0,"Episode/metric_speed_mps":0.16021639108657837,"Loss/value_function":0.031831253739073875,"Episode/rew_collision":0,"Episode/rew_stand_still":-0.009152520447969437,"Episode/track_num_lanes":1,"Train/mean_episode_length/time":967.53,"Episode/rew_dof_acc":-0.13229218125343323,"Train/iteration":396,"Episode/rew_lin_vel_z":-0.025488823652267456,"Episode/track_lane_length":512,"Train/mean_reward":31.47898741722107,"Episode/rew_feet_air_time":-0.00620900047942996,"Episode/semantic_lane_ratio":0.5786693096160889,"_step":396,"Perf/learning_time":0.08042573928833008,"Episode/rew_lane_centering":0.4996747374534607,"Episode/metric_collision_rate":0,"Episode/rew_tracking_lin_vel":1.429247260093689,"Episode/rew_termination":-7.63888965593651e-05,"Perf/total_fps":51124,"Episode/semantic_boundary_ratio":0.022326147183775902,"Episode/metric_success_rate":0.9236111640930176,"Episode/rew_action_rate":-0.08492793887853622,"Episode/metric_lane_violation_rate":0.3990045487880707,"_runtime":200.490442815,"Episode/rew_base_height":-0.0002463735290803015,"_timestamp":1.7739019548085063e+09,"Policy/mean_noise_std":0.7245515584945679,"Episode/metric_obstacle_avoid_rate":0,"Loss/learning_rate":0.0019461950683593758,"Episode/semantic_non_track_ratio":0.3990045487880707,"Episode/track_lane_assignment_coverage":1,"Episode/rew_dof_vel":-0.022746412083506584,"Episode/rew_ang_vel_xy":-0.0375763401389122,"Episode/metric_torque_utilization":0.1215849444270134,"Episode/rew_torques":-0.022922590374946594,"Episode/rew_orientation":-0.00355997565202415,"Episode/metric_fall_rate":0.0763888955116272,"Loss/surrogate":-0.010081268311478198,"_wandb":{"runtime":200}}