{"Episode/metric_obstacle_avoid_rate":0,"Episode/rew_orientation":-0.008419720456004143,"Episode/track_lane_assignment_coverage":1,"Episode/metric_lane_violation_rate":0.7192075252532959,"Episode/rew_collision":0,"Perf/learning_time":0.18342900276184082,"Episode/rew_torques":-0.037100598216056824,"Episode/metric_speed_mps":0.8690510988235474,"Episode/metric_collision_rate":0,"Policy/mean_noise_std":0.41135454177856445,"Train/mean_reward":43.89148980140686,"Loss/surrogate":0.0011440969537943602,"_runtime":667.68183905,"Episode/rew_ang_vel_xy":-0.0358201339840889,"Episode/metric_success_rate":0.9940476417541504,"Train/mean_reward/time":43.89148980140686,"Episode/semantic_non_track_ratio":0.7192075252532959,"Perf/total_fps":86936,"Episode/track_lane_length":2048,"Episode/rew_dof_vel":-0.01539512537419796,"Episode/metric_torque_violation_rate":0,"Episode/rew_tracking_lin_vel":2.2036733627319336,"_step":590,"Episode/rew_lane_centering":0.236291766166687,"Episode/metric_torque_utilization":0.1528134047985077,"Episode/rew_lin_vel_z":-0.039069756865501404,"Train/mean_episode_length":991.24,"Train/mean_episode_length/time":991.24,"Episode/rew_dof_acc":-0.06156199425458908,"Episode/semantic_boundary_ratio":0.012935895472764969,"Episode/metric_fall_rate":0.005952381528913975,"Episode/rew_stand_still":0,"Perf/collection time":0.9473268985748291,"Loss/learning_rate":0.0008779149519890257,"_wandb":{"runtime":667},"Episode/rew_feet_air_time":-0.016169104725122452,"_timestamp":1.7739349053047943e+09,"Episode/rew_termination":-5.952380888629705e-06,"Loss/value_function":0.004971848428249359,"Episode/rew_base_height":-0.0002961111895274371,"Episode/track_num_lanes":1,"Episode/rew_action_rate":-0.03493431955575943,"Train/iteration":590,"Episode/semantic_lane_ratio":0.26785656809806824}