{"Episode/metric_lane_violation_rate":0.21274220943450928,"Episode/track_num_lanes":1,"Loss/surrogate":-0.011000356951262802,"Episode/track_lane_assignment_coverage":1,"Episode/rew_action_rate":-0.40187931060791016,"Perf/collection time":0.9842486381530762,"Train/mean_reward/time":0.2093858614936471,"Episode/rew_orientation":-0.093865305185318,"Episode/rew_stand_still":0,"Episode/rew_lin_vel_z":-0.1619124561548233,"Episode/rew_dof_acc":-0.5946668386459351,"_wandb":{"runtime":933},"_timestamp":1.7739384665942323e+09,"Episode/metric_speed_mps":0.47065624594688416,"Episode/rew_feet_air_time":-0.0028692823834717274,"Episode/rew_ang_vel_xy":-0.19258742034435272,"Episode/semantic_lane_ratio":0.7632991671562195,"Episode/rew_termination":-0.0006985081126913428,"Episode/metric_success_rate":0.301491916179657,"_step":837,"_runtime":933.49885081,"Episode/track_lane_length":2048,"Train/mean_episode_length/time":535.34,"Episode/rew_base_height":-0.2559719681739807,"Policy/mean_noise_std":2.3819031715393066,"Episode/metric_torque_violation_rate":0,"Episode/semantic_non_track_ratio":0.21274220943450928,"Episode/metric_torque_utilization":0.34530001878738403,"Episode/rew_lane_offset":-0.2156558483839035,"Episode/rew_lane_centering":0.5099692344665527,"Loss/learning_rate":0.002962962962962961,"Episode/rew_torques":-0.11396296322345734,"Episode/metric_obstacle_avoid_rate":0,"Perf/total_fps":85634,"Episode/rew_dof_vel":-0.10296690464019775,"Episode/rew_collision":-0.021712666377425194,"Train/iteration":837,"Episode/metric_fall_rate":0.6985081434249878,"Loss/value_function":0.014501095144078135,"Train/mean_reward":0.2093858614936471,"Episode/metric_collision_rate":0.14223572611808777,"Episode/semantic_boundary_ratio":0.023958653211593628,"Train/mean_episode_length":535.34,"Episode/rew_lane_boundary":-0.37224361300468445,"Perf/learning_time":0.1636981964111328,"Episode/rew_tracking_lin_vel":0.13713133335113525}