{"Episode/rew_lin_vel_z":-0.03284759074449539,"Episode/rew_heading_alignment":0.09721981734037399,"Episode/rew_tracking_ang_vel":0.005201611667871475,"Episode/rew_torques":-0.019407255575060844,"Episode/rew_yaw_rate":-0.1434268206357956,"_wandb":{"runtime":605},"Episode/metric_obstacle_avoid_rate":0,"Episode/semantic_non_track_ratio":0.049619920551776886,"Episode/rew_track_progress":0.25145429372787476,"Episode/rew_feet_air_time":-0.0018983432091772556,"Episode/track_num_lanes":1,"Perf/total_fps":85345,"Episode/rew_termination":-0.027778377756476402,"Episode/metric_torque_violation_rate":0,"Episode/rew_dof_vel":-0.01633353903889656,"Episode/rew_base_height":-0.0002860508975572884,"_runtime":605.219531849,"Train/mean_reward/time":1.42500453799963,"Episode/metric_speed_mps":0.954886794090271,"Train/mean_episode_length":138.96,"Episode/metric_torque_utilization":0.3181564509868622,"Loss/surrogate":-0.016019541909918188,"Episode/rew_dof_pos_limits":-0.013310788199305534,"Episode/rew_lateral_velocity":-0.010586357675492764,"Policy/mean_noise_std":1.9265124797821045,"Episode/track_lane_length":12,"Episode/rew_dof_acc":-0.08916415274143219,"Episode/metric_collision_rate":1.829893335525412e-05,"Episode/rew_lane_boundary":-0.008945213630795479,"Episode/rew_orientation":-0.005383060779422522,"Episode/metric_finish_rate":0.07405412197113037,"Perf/collection time":0.9668891429901123,"Episode/rew_lane_offset":-0.01145448349416256,"Episode/semantic_lane_ratio":0.9275972247123718,"Train/iteration":543,"Episode/metric_success_rate":0.07405412197113037,"Episode/rew_lane_centering":0.033705778419971466,"Episode/rew_collision":-6.31313127996691e-07,"Episode/semantic_boundary_ratio":0.0227829497307539,"Episode/metric_fall_rate":0.9259459376335144,"Loss/value_function":0.16289984434843063,"Loss/learning_rate":0.0019753086419753074,"Episode/rew_ang_vel_xy":-0.04067260026931763,"Train/mean_reward":1.42500453799963,"_step":543,"Episode/metric_lane_violation_rate":0.049619920551776886,"Perf/learning_time":0.18494677543640137,"_timestamp":1.7740144178826315e+09,"Train/mean_episode_length/time":138.96,"Episode/rew_action_rate":-0.08222626894712448,"Episode/rew_tracking_lin_vel":0.06042460352182388,"Episode/track_lane_assignment_coverage":1,"Episode/rew_stand_still":0}