{"Episode/rew_lin_vel_z":-0.051649123430252075,"Perf/learning_time":0.1630551815032959,"Loss/value_function":0.004252504347823561,"Train/mean_reward":45.40921524047852,"Episode/rew_termination":0,"Episode/metric_speed_mps":1.111235499382019,"_step":1537,"Episode/metric_collision_rate":0,"Episode/rew_tracking_lin_vel":2.400500774383545,"Perf/total_fps":92689,"Episode/metric_lane_violation_rate":0.7782526016235352,"Episode/rew_dof_acc":-0.15116922557353973,"Episode/rew_feet_air_time":-0.013384943827986717,"Episode/rew_orientation":-0.019853848963975906,"Episode/metric_success_rate":1,"Episode/rew_base_height":-0.0028705201111733913,"Train/mean_episode_length":1002,"Episode/semantic_boundary_ratio":0.009163815528154373,"Episode/rew_stand_still":0,"Train/mean_reward/time":45.40921524047852,"Episode/track_lane_length":2048,"Train/mean_episode_length/time":1002,"Episode/rew_torques":-0.048725202679634094,"_timestamp":1.7739367147870338e+09,"_runtime":1658.868405604,"Episode/metric_fall_rate":0,"Loss/learning_rate":0.00039018442310623366,"_wandb":{"runtime":1658},"Episode/metric_torque_utilization":0.17073273658752441,"Episode/track_num_lanes":1,"Episode/rew_dof_vel":-0.04632863029837608,"Episode/track_lane_assignment_coverage":1,"Loss/surrogate":-0.0014329133089631795,"Episode/metric_obstacle_avoid_rate":0,"Episode/semantic_non_track_ratio":0.7782526016235352,"Perf/collection time":0.8975181579589844,"Policy/mean_noise_std":0.45524725317955017,"Episode/rew_collision":0,"Episode/metric_torque_violation_rate":0,"Episode/semantic_lane_ratio":0.21258357167243958,"Episode/rew_ang_vel_xy":-0.2755790650844574,"Episode/rew_action_rate":-0.08143682777881622,"Train/iteration":1537,"Episode/rew_lane_centering":0.1886151283979416}