{"Episode/metric_success_rate":0,"Loss/learning_rate":1e-05,"Episode/rew_dof_acc":-0.4056626260280609,"Episode/rew_feet_air_time":-0.0007133344188332558,"Episode/rew_termination":-0.004999999888241291,"Episode/semantic_boundary_ratio":0.05130424350500107,"_runtime":909.066843473,"Episode/rew_lin_vel_z":-0.11402460187673569,"Episode/rew_action_rate":-1.0168393850326538,"Episode/track_lane_length":12,"Perf/collection time":0.26088571548461914,"Episode/rew_base_height":-0.1620359718799591,"_timestamp":1.7739002252804341e+09,"Episode/rew_dof_vel":-0.06696467101573944,"Episode/metric_obstacle_avoid_rate":0,"Train/mean_episode_length":232.74,"Perf/total_fps":1764,"Train/mean_reward/time":-0.08799999475479126,"_wandb":{"runtime":909},"Loss/surrogate":-0.04720383957028389,"Episode/metric_torque_violation_rate":0,"_step":2822,"Episode/semantic_lane_ratio":0.8528274297714233,"Episode/rew_ang_vel_xy":-0.12246237695217133,"Episode/metric_fall_rate":1,"Loss/value_function":0.00012857167475885945,"Train/mean_episode_length/time":232.74,"Episode/metric_speed_mps":0.6468626260757446,"Episode/metric_collision_rate":0.047814156860113144,"Episode/track_num_lanes":1,"Perf/learning_time":0.06552457809448242,"Episode/track_lane_assignment_coverage":1,"Episode/rew_tracking_lin_vel":0.03371238708496094,"Train/iteration":2822,"Train/mean_reward":-0.08799999475479126,"Episode/semantic_non_track_ratio":0.09586836397647858,"Episode/rew_orientation":-0.05416417121887207,"Episode/rew_torques":-0.08558270335197449,"Policy/mean_noise_std":2.902780532836914,"Episode/metric_torque_utilization":0.4790526330471039,"Episode/metric_lane_violation_rate":0.09586836397647858,"Episode/rew_collision":-0.03437497466802597,"Episode/rew_lane_centering":0.1216338574886322}