{"Episode/rew_tracking_lin_vel":0.004075572,"Train/mean_episode_length":36.91,"Episode/rew_lin_vel_z":-0.002211568,"global_step":147,"Loss/learning_rate":0.0013168724,"Perf/collection time":0.7839463,"Episode/rew_hip_pos":-0.0013600191,"Episode/rew_tracking_ang_vel":0.010728573,"Perf/total_fps":97721,"Perf/learning_time":0.22201896,"_step":3919,"Episode/rew_contact_no_vel":-0.0015500983,"Episode/rew_feet_swing_height":-0.0004951355,"Episode/rew_alive":0.0060035787,"Train/mean_reward/time":0.20019491,"Episode/rew_dof_acc":-0.0020350337,"Episode/rew_ang_vel_xy":-0.0074767116,"Loss/surrogate":-0.008316522,"Episode/rew_dof_pos_limits":-0.00016981253,"Train/mean_reward":0.20019491,"_wandb":{"runtime":155},"_timestamp":1.7702124457272868e+09,"Episode/rew_orientation":-0.0050693443,"Episode/rew_dof_vel":-0.0018732738,"Train/mean_episode_length/time":36.91,"Episode/rew_torques":-0.00063119933,"_runtime":155,"Loss/value_function":0.0016566444,"Episode/rew_action_rate":-0.0020903053,"Episode/rew_contact":0.0085319495,"Policy/mean_noise_std":0.4221244,"Episode/rew_base_height":-0.005450973}