{"Perf/learning_time":0.16008853912353516,"_wandb":{"runtime":1965},"Episode/rew_hip_pos":-0.04184186,"Train/mean_reward":19.988584223389626,"Episode/rew_contact_no_vel":-0.040077623,"_runtime":1965,"Episode/rew_dof_vel":-0.08075371,"Loss/surrogate":-0.007665455783717334,"Episode/rew_tracking_ang_vel":0.11433231,"Loss/learning_rate":0.0008779149519890255,"Episode/rew_dof_pos_limits":-0.015746927,"_timestamp":1.7702147484543834e+09,"Episode/rew_alive":0.106427275,"Train/mean_reward/time":7.348334,"global_step":644,"Episode/rew_tracking_lin_vel":0.37380725,"Episode/rew_ang_vel_xy":-0.05384962,"Episode/rew_dof_acc":-0.084986135,"Perf/total_fps":103151,"Perf/collection time":0.7929162979125977,"_step":19402,"Episode/rew_base_height":-0.005076822,"Episode/rew_feet_swing_height":-0.014610644,"Episode/rew_torques":-0.027505532,"Loss/value_function":0.008218730124644935,"Policy/mean_noise_std":0.5063128471374512,"Episode/rew_orientation":-0.007597921,"Train/iteration":1999,"Episode/rew_action_rate":-0.09524529,"Episode/rew_lin_vel_z":-0.06916034,"Train/mean_episode_length/time":701.59,"Train/mean_episode_length":977.01,"Episode/rew_contact":0.18576173}