{"Episode/semantic_boundary_ratio":0.03181133419275284,"Episode/metric_obstacle_avoid_rate":0,"Episode/semantic_non_track_ratio":0.0646352618932724,"Episode/track_lane_assignment_coverage":1,"Episode/rew_lin_vel_z":-0.029225103557109833,"Perf/collection time":0.9187664985656738,"Train/mean_episode_length/time":150.44,"Episode/rew_feet_air_time":-0.0009856012184172869,"Episode/semantic_lane_ratio":0.9035534262657166,"Perf/learning_time":0.17832255363464355,"Episode/track_num_lanes":1,"Train/mean_reward":0.8022746941819787,"Train/mean_reward/time":0.8022746941819787,"Episode/rew_lane_centering":0.03213348984718323,"Episode/rew_orientation":-0.0026305504143238068,"Episode/rew_base_height":-0.0003048796788789332,"Episode/rew_tracking_ang_vel":0.023045890033245087,"Episode/metric_fall_rate":1,"_wandb":{"runtime":795},"Episode/metric_collision_rate":0,"Episode/rew_dof_acc":-0.073356032371521,"Episode/metric_torque_violation_rate":0,"Episode/metric_speed_mps":0.8764466047286987,"Episode/metric_success_rate":0,"Loss/surrogate":-0.009004321554675699,"Perf/total_fps":89604,"Episode/metric_lane_violation_rate":0.0646352618932724,"Episode/rew_tracking_lin_vel":0.13503238558769226,"Policy/mean_noise_std":1.7409467697143555,"Train/iteration":722,"_step":722,"Episode/track_lane_length":2048,"Episode/rew_yaw_rate":-0.09219364821910858,"Episode/rew_torques":-0.022222524508833885,"_timestamp":1.7739989888397942e+09,"Episode/rew_ang_vel_xy":-0.03182363510131836,"Episode/rew_collision":0,"_runtime":795.822712742,"Episode/rew_termination":-0.0010000000474974513,"Episode/rew_stand_still":0,"Episode/rew_action_rate":-0.06887377798557281,"Train/mean_episode_length":150.44,"Episode/metric_torque_utilization":0.3146510124206543,"Loss/value_function":0.10551964715123177,"Loss/learning_rate":0.0013168724279835385,"Episode/rew_dof_vel":-0.013002174906432629}