{"Perf/collection time":0.26592087745666504,"Episode/rew_ang_vel_xy":-0.03024444542825222,"Train/mean_episode_length/time":15.9,"Perf/learning_time":0.12171173095703125,"_wandb":{"runtime":1986},"Loss/learning_rate":0.0002562890625000001,"Episode/rew_base_height":-0.00031348690390586853,"Episode/rew_action_rate":-0.04962676763534546,"Episode/rew_feet_air_time":-0.0004275555838830769,"_step":4999,"Train/mean_episode_length":15.9,"Episode/rew_collision":-0.0010930555872619152,"Episode/rew_dof_acc":-0.024156782776117325,"_runtime":1986.305258507,"Episode/rew_tracking_ang_vel":0.000623749103397131,"Train/iteration":4999,"Policy/mean_noise_std":2.600034475326538,"Train/mean_reward":4.926946014165878e-05,"Episode/rew_dof_vel":-0.006079831626266241,"Perf/total_fps":1981,"Loss/value_function":3.248653428045145e-07,"Train/mean_reward/time":4.926946014165878e-05,"Episode/rew_orientation":-0.0028431364335119724,"_timestamp":1.770223746239033e+09,"Episode/rew_tracking_lin_vel":0.0019166454439982772,"Episode/rew_torques":-0.008204424753785133,"Episode/rew_lin_vel_z":-0.020657554268836975,"Loss/surrogate":-0.016040814714506267}